Instructions,,,,,,,,,,,,,,,,,,,,,,,,,,,,,,,
Sample Information,,,,,,,,Chromatogram Peak Areas,,,,,,,,Chlorophylls,,,,Carotenoids,,,,,,,,,,,
"Sample
ID",Treatment,Tree Species,Month,Extraction Date,"Leaf Weight
(g)","Extraction
Volume
(ml)","HPLC 
Injection Volume
(µl)","Violaxanthin
HPLC Peak Area
(mAU*sec)","Neoxanthin
HPLC Peak Area
(mAU*sec)","Antheraxanthin
HPLC Peak Area
(mAU*sec)","Lutein
HPLC Peak Area
(mAU*sec)","Zeaxanthin
HPLC Peak Area
(mAU*sec)","Chlorophyll B
HPLC Peak Area
(mAU*sec)","Chlorophyll A
HPLC Peak Area
(mAU*sec)","Beta Carotene
HPLC Peak Area
(mAU*sec)","Chlorophyll B
Concentration
(µmol/g)","Chlorophyll A
Concentration
(µmol/g)","Chlorophyll Pool
(µmol/g)","Chlorophyll 
a/b 
Ratio","Violaxanthin
Concentration
(µmol/g)","Neoxanthin
Concentration
(µmol/g)","Antheraxanthin
Concentration
(µmol/g)","Lutein
Concentration
(µmol/g)","Zeaxanthin
Concentration
(µmol/g)","Beta Carotene
Concentration
(µmol/g)","Total Carotenoids/ChlA+ChlB
(mol/mol)","V+A+Z
(µmol/g)","V+A+Z /ChlA+ChlB
(mol/mol)",Z/V+A+Z,Z+A/V+A+Z,Notes
170711 P10B1EXD,D,Pine,July,180117,0.0248,0.69,40,37.8,89.2,19.9,646.7,46.6,510.6,895.8,211.8,0.2403088458,0.6555955645,0.8959044103,2.7281374617,0.0089193901,0.032755373,0.0055291709,0.1111841583,0.0187680091,0.0850455998,0.2926670503,0.0332165701,0.0370760203,0.5650194779,0.7314776901,
170711 P10B1R2D,D,Pine,July,180117,0.0285,0.66,40,95.4,143.2,22.4,752.4,0,567.4,1140.9,263.3,0.2044879737,0.6393843789,0.8438723526,3.1267578598,0.0172377758,0.0402670863,0.0047658947,0.09905544,0,0.0809592068,0.2871114369,0.0220036705,0.0260746432,0,0.2165954417,
170711 P10B1R2D,D,Pine,July,180117,0.0269,0.68,40,45.6,92.4,10.9,610.6,0,485.5,924,223,0.1938051928,0.5735669888,0.7673721817,2.9595026863,0.0091263145,0.0287790792,0.002568743,0.0890397803,0,0.0759482872,0.2677477879,0.0116950575,0.0152403981,0,0.2196434711,
170711 P2B1EX2D,D,Pine,July,180117,0.0257,0.70,40,44.9,73,15.5,501.5,6.2,379.7,768.6,200.9,0.1701447519,0.5355676576,0.7057124095,3.1477177607,0.0100873877,0.0255228735,0.0041004134,0.0820918424,0.0023774588,0.0768059461,0.2847986223,0.0165652599,0.0234731028,0.1435207637,0.3910516472,
170711 P2B1EXD,D,Pine,July,180117,0.0271,0.71,40,72.8,121,17.8,672.4,0,526,1061.38,274.5,0.2265463561,0.7108504428,0.9373967989,3.1377703666,0.0157201661,0.0406616928,0.0045259456,0.1057913469,0,0.1008673547,0.2854356942,0.0202461116,0.02159823,0,0.2235464101,
170711 P9B1EX1D,D,Pine,July,180116,0.0243,0.75,40,83.2,88.3,29.5,548.2,11.4752,474.7,994.5,276.7,0.228009838,0.7428055556,0.9708153935,3.2577785336,0.0200360494,0.0330920602,0.008365162,0.0961887963,0.0047166968,0.1133914892,0.2840810475,0.0331179082,0.0341134972,0.1424213377,0.3950086082,
170711 P9B1EX1D,D,Pine,July,180117,0.0277,0.69,40,75.6,118.7,31.1,668.8,16.1,662.5,1277,306.4,0.2828779332,0.8478911191,1.1307690523,2.9973745548,0.0161841314,0.0395450978,0.0078395578,0.1043183134,0.0058827773,0.1116191971,0.2523849358,0.0299064664,0.0264478997,0.196705862,0.4588417375,
170711 P9B2EX2D,D,Pine,July,180117,0.0250,0.74,40,83.4,91,26.9,588,0,539,1093.5,294.7,0.24829035,0.78329592,1.03158627,3.1547578067,0.0192615636,0.032707038,0.007315455,0.098946288,0,0.1158212258,0.2656603508,0.0265770186,0.0257632535,0,0.2752549152,
,,,,,,,,,,,,,,,,,,,,,,,,,,,,,,,
170710 P10B1R1,L,Pine,July,180116,0.0241,0.76,40,59.3,76.3,29.5,537.6,13.4,503.9,996.5,261.8,0.2472978112,0.7604824896,1.0077803008,3.0751687042,0.0145909988,0.029216568,0.0085470436,0.0963798573,0.0056276108,0.1096181585,0.2619422474,0.0287656531,0.0285435755,0.1956364685,0.492763168,
170710 P2B1R1,L,Pine,July,180116,0.0243,0.75,40,47.2,78.6,21.1,483.5,47.2,399.8,896,259.4,0.1920335648,0.6692345679,0.8612681327,3.4849874737,0.0113666049,0.0294568056,0.0059832176,0.0848363426,0.0194008025,0.1063019599,0.2987986241,0.036750625,0.0426703643,0.5279040144,0.6907098876,
170710 P2B1R2,L,Pine,July,180116,0.0253,0.77,40,23.2,52.5,26.2,432.4,98,230.2,478.1,179,0.1090322283,0.3521310435,0.4611632717,3.2296051277,0.0055092435,0.0194016033,0.0073260326,0.0748146,0.0397208913,0.0723335109,0.4751156368,0.0525561674,0.1139643389,0.7557798309,0.8951741774,
170710 P2B1R3,L,Pine,July,180116,0.0245,0.76,40,39.9,64.9,27.3,478.5,30.2,287.2,565.3,174.2,0.1386472653,0.424367249,0.5630145143,3.0607689812,0.0096572657,0.0244455784,0.0077805,0.0843839633,0.0124760514,0.0717483584,0.3738655253,0.0299138171,0.0531315204,0.4170665137,0.6771637111,
170710 P9B2R1,L,Pine,July,180116,0.0271,0.76,40,76.8,77.8,43.9,537.3,38.6,400.1,947,281.7,0.1746192897,0.6427019926,0.8173212823,3.6805898927,0.0168050303,0.0264930531,0.0113111347,0.0856626708,0.0144163166,0.1048932299,0.31760024,0.0425324815,0.0520388768,0.3389484008,0.6048894951,
170710 P9B2R2,L,Pine,July,180116,0.0216,0.75,40,75.9,83.2,26.9,550.5,18.963,435.9,879.5,223,0.2355449219,0.7390243056,0.9745692274,3.1375089714,0.0205628385,0.0350783333,0.0085813802,0.1086664063,0.0087687414,0.1028084201,0.2918890848,0.0379129602,0.0389022751,0.2312861188,0.4576303603,
170710 P9B2R3,L,Pine,July,180116,0.0253,0.74,40,65.1,63.7,37,466.7,20.7,359.4,788.6,229.2,0.1635944763,0.5581916522,0.7217861285,3.412044617,0.0148568235,0.0226234453,0.009942836,0.0776031711,0.0080631409,0.0890106806,0.3077090133,0.0328628004,0.0455298309,0.2453576936,0.5479136489,
170711 P10B1R2,L,Pine,July,180117,0.0229,0.73,40,61.8,101.6,12,519.8,9.8,463.4,860.5,169.9,0.2298914247,0.6638250218,0.8937164465,2.8875588673,0.0153712657,0.0393268533,0.0035145197,0.0942006983,0.0041604103,0.0719112879,0.2556571896,0.0230461956,0.0257869213,0.1805248176,0.3330237248,
170711 P10B1R3,L,Pine,July,180117,0.0276,0.73,40,63.1,81,24.8,614,13.5,424.7,896,269.4,0.1676295516,0.5499362319,0.7175657835,3.2806639792,0.012486827,0.0249449185,0.0057788043,0.0885294565,0.0045597962,0.090719962,0.3163748463,0.0228254275,0.0318095261,0.1997682711,0.4529422517,
,,,,,,,,,,,,,,,,,,,,,,,,,,,,,,,
170711 S3B1EX1D,D,Spruce,July,180117,0.0271,0.72,40,71.6,103.03,16.2,618.3,22.09,483.276,877,191.7,0.1998194679,0.5638689299,0.7636883978,2.8218918598,0.0148426007,0.0332380103,0.0039543542,0.093388397,0.0078159474,0.0676241203,0.2892062137,0.0266129024,0.0348478548,0.2936901535,0.4422780148,
170711 S3B1R1D,D,Spruce,July,180117,0.0264,0.76,40,49.7,64.8,23.4,525.7,10.3,305.8,653.2,165.9,0.137001875,0.4550626667,0.5920645417,3.3215798446,0.011163486,0.0226512818,0.0061890341,0.0860355841,0.0039488405,0.063412133,0.3266541836,0.0213013606,0.0359781056,0.1853797325,0.4759261537,
170711 S3B2EX1D,D,Spruce,July,180117,0.0259,0.72,40,56.6,85.3,22.2,586,11.1,440.2,827.8,186.4,0.1904417375,0.5568952587,0.7473369961,2.9242290379,0.0122767367,0.0287931961,0.00567,0.0926106255,0.0041094,0.0688010317,0.2840231262,0.0220561367,0.0295129731,0.1863154939,0.4433868062,
170711 S3B2R1D,D,Spruce,July,180117,0.0261,0.70,40,31.9,66.4,16.9,543.3,15.1,423.3,779.1,179.6,0.1766790948,0.5056687356,0.6823478305,2.8620745206,0.0066754722,0.0216238851,0.004164296,0.0828376379,0.0053933324,0.0639558352,0.2706104578,0.0162331006,0.023790067,0.3322428978,0.588774049,
170711 S3B3EX1D,D,Spruce,July,180117,0.0255,0.68,40,48.5,86.1,17.5,483.4,19.5,456.4,852.2,184.7,0.189406,0.5499530667,0.7393590667,2.9035672928,0.0100912333,0.02787918,0.0042875,0.07328344,0.0069251,0.0653961133,0.2540884059,0.0213038333,0.0288139205,0.3250635645,0.5263184247,
170711 S3B3R1D,D,Spruce,July,180117,0.0285,0.75,40,41,83.6,13.7,572.7,15.3,459.5,898.8,206.7,0.1806560526,0.5494979368,0.7301539895,3.0416801919,0.0080817474,0.02564496,0.0031798421,0.0822517768,0.0051475642,0.0693337074,0.2652037799,0.0164091537,0.022473552,0.3137007739,0.5074854241,
170711 S9B1R1D,D,Spruce,July,180117,0.0268,0.72,40,47.1,99,22.1,566.2,19.6,453.7,908.6,190.5,0.1949597994,0.6071346567,0.8020944562,3.1141530637,0.0101473259,0.0331925205,0.0056064319,0.0888786112,0.0072073515,0.0698406409,0.2678897482,0.0229611093,0.0286264406,0.3138938711,0.558064648,
170711 S9B2EX1D,D,Spruce,July,180117,0.0262,0.70,40,44.9,87,18.6,569,23,468.5,468.5,930.7,0.1920157085,0.2985882824,0.4906039909,1.5550200803,0.0092263073,0.0278211555,0.0045004723,0.085190376,0.0080667452,0.3254421673,0.9381236846,0.0217935249,0.0444218256,0.370144126,0.5766491475,
170711 S9B2R1D,D,Spruce,July,180117,0.0231,0.75,40,62.4,77.6,12.8,479.1,0,397.6,807,217.9,0.2008977273,0.6340714286,0.8349691558,3.156190153,0.0158076623,0.0305927922,0.0038181818,0.0884312825,0,0.0939340016,0.2785539068,0.0196258442,0.0235048732,0,0.1945486669,
170711 S9B3R1D,D,Spruce,July,180116,0.0254,0.74,40,57.9,82.2,16.4,555,22.5,442,845.5,187.9,0.2004008858,0.5961107874,0.7965116732,2.974591579,0.0131616502,0.0290788972,0.0043897441,0.0919224213,0.0087297785,0.0726843805,0.2761627723,0.0262811728,0.0329953392,0.3321685299,0.4991985221,
 ,,,,,,,,,,,,,,,,,,,,,,,,,,,,,,,
170709 S3B1R2,L,Spruce,July,180116,0.0255,0.78,40,64.5,94.2,14.8,582.5,12.6,539.6,966,194.2,0.2568654706,0.7150672941,0.9719327647,2.7838202327,0.0153938735,0.0349875424,0.0041592353,0.1012933235,0.0051327212,0.0788714741,0.2467641577,0.02468583,0.0253987013,0.2079217582,0.3764085093,
170711 S3B1R1,L,Spruce,July,180117,0.0247,0.69,40,33.3,75.9,23.6,519.7,58.4,372.3,687.4,161.3,0.1665458426,0.4781743644,0.644720207,2.8711275939,0.0074686035,0.0264917888,0.0062326215,0.084926765,0.0223561466,0.0615619082,0.3242303114,0.0360573716,0.0559271622,0.6200159799,0.7928688859,
170711 S3B2R1,L,Spruce,July,180117,0.0256,0.69,40,42.6,75.8,15.1,541.4,23,449.7,834,192.3,0.1858964941,0.536105625,0.7220021191,2.8838931443,0.0088290164,0.0244481648,0.0036850488,0.0817556297,0.0081361602,0.0678210551,0.2696322765,0.0206502254,0.0286013363,0.3939986127,0.5724493927,
170711 S3B3R1,L,Spruce,July,180116,0.0285,0.77,40,46,65.1,21.4,442,21.3,345.6,704.1,172.4,0.1453111579,0.4603578737,0.6056690316,3.1680834449,0.0096970018,0.0213567403,0.0053119868,0.0678888737,0.0076638708,0.0618442656,0.2868938808,0.0226728594,0.0374344043,0.3380195969,0.572307948,
170711 S9B1R1,L,Spruce,July,180117,0.0216,0.72,40,19.3,58.4,30.5,545,55.3,352.7,727.8,171.7,0.182963125,0.587092,0.770055125,3.2087995873,0.0050196083,0.0236374,0.009340625,0.1032775,0.0245485917,0.0759915583,0.3140233413,0.038908825,0.0505273243,0.6309260603,0.8709904929,
170711 S9B2R1,L,Spruce,July,180117,0.0262,0.71,40,64,86.3,37.6,553.5,50,411.5,939.4,273.6,0.1735426646,0.6160599542,0.7896026188,3.549904893,0.0135322748,0.0283972291,0.0093614313,0.0852717452,0.0180447042,0.0984440473,0.320479474,0.0409384103,0.0518468522,0.4407768661,0.6694479657,
170711 S9B3R1,L,Spruce,July,180117,0.0245,0.68,40,39.6,80.5,9.9,539.2,15.8,470,909.6,183.5,0.2239094388,0.6738465306,0.8977559694,3.0094601384,0.0094585408,0.0299225893,0.002784375,0.0938373061,0.0064413214,0.074584324,0.2417454899,0.0186842372,0.020812156,0.3447462877,0.4937689619,
,,,,,,,,,,,,,,,,,,,,,,,,,,,,,,,
170808 P2B1R4D,D,Pine,August,171026,0.0265,0.73,40,106.465,53.285,48.373,443.93,18.066,282.422,653.931,171.681,0.1210751107,0.4359375489,0.5570126596,3.6005546174,0.0228832456,0.0178233801,0.0122427043,0.0695219508,0.0066276825,0.0627936215,0.3445030943,0.0417536325,0.0749599345,0.1587330765,0.4519459922,
170808 P2B1R5D,D,Pine,August,171026,0.0231,0.76,40,132.238,69.689,32.326,498.164,0,384.765,824.779,209.941,0.1970046769,0.6566811848,0.8536858617,3.3333278932,0.0339462388,0.027840303,0.0097712682,0.093176077,0,0.0917096813,0.3003957072,0.043717507,0.0512102975,0,0.2235092725,
170808 P9B2R4D,D,Pine,August,171103,0.0253,0.70,40,103.5,109.5,14.8,546.5,0,437.5,847.5,165.1,0.1883800642,0.5674565217,0.755836586,3.0122960413,0.0223435227,0.0367874555,0.0037621542,0.0859603458,0,0.0606514101,0.2771827829,0.0261056769,0.0345387844,0,0.144112492,
170808 P9B2R5D,D,Pine,August,171103,0.0238,0.72,40,38.9,103.1,35.3,500.3,96.6,391.6,775.2,151.9,0.1843646218,0.5675245714,0.7518891933,3.0782726411,0.0091820345,0.0378723555,0.0098113235,0.0860431916,0.0389184353,0.0610140176,0.3229749279,0.0579117933,0.0770217125,0.6720295313,0.8414479343,
170809 P10B1R4D,D,Pine,August,171026,0.0249,0.73,40,133.544,71.282,28.196,486.832,0,380.77,738.983,178.261,0.1737263125,0.5242921156,0.6980184281,3.0179200147,0.0305479218,0.0253753185,0.0075946605,0.0811396442,0,0.069389884,0.306650112,0.0381425824,0.0546440908,0,0.1991123848,
170809 P10B1R5D,D,Pine,August,171026,0.0241,0.77,40,99.612,67.441,35.762,507.278,11.339,482.817,857.243,189.685,0.2400687329,0.6628160192,0.9028847521,2.7609427148,0.0248324243,0.0261640997,0.010497668,0.0921404183,0.0048247092,0.0804679582,0.2646265508,0.0401548015,0.0444738948,0.1201527348,0.381582691,
,,,,,,,,,,,,,,,,,,,,,,,,,,,,,,,
170808 P2B1R4,L,Pine,August,171026,0.0243,0.75,40,105.867,68.289,27.536,471.667,0,441.714,940.908,221.158,0.2121658681,0.702776963,0.914942831,3.3123940689,0.0254946688,0.0255925674,0.0078082407,0.0827600894,0,0.0906304119,0.2538803193,0.0333029095,0.0363988966,0,0.2344612186,
170808 P2B1R5,L,Pine,August,171026,0.0245,0.77,40,97.442,69.914,25.674,482.089,0,475.967,931.599,198.31,0.2327988595,0.7085475823,0.9413464418,3.0436041822,0.0238948664,0.0266806806,0.0074133675,0.0861355303,0,0.0827533465,0.2410141275,0.0313082339,0.0332589922,0,0.2367865116,
170808 P9B2R5,L,Pine,August,171026,0.0227,0.76,40,126.828,79.041,29.834,483.209,0,443.015,852.846,205.875,0.2308264279,0.6909931115,0.9218195394,2.9935615169,0.0331311611,0.032132778,0.0091769121,0.0919714892,0,0.0915182395,0.279805937,0.0423080732,0.0458962643,0,0.2169068789,
170809 P10B1R4,L,Pine,August,171026,0.0235,0.75,40,99.008,69.15,16.403,468.307,0,441.156,834.02,174.681,0.219111391,0.6441473617,0.8632587527,2.9398168616,0.0246545719,0.0267974641,0.0048096563,0.0849678286,0,0.0740210738,0.2493465533,0.0294642282,0.0341313981,0,0.163237137,
170809 P10B1R5,L,Pine,August,171026,0.0254,0.76,40,114.745,83.011,14.757,577.146,0,571.651,988.031,196.469,0.2661890631,0.7154278013,0.9816168644,2.687667904,0.02678844,0.030159465,0.0040567225,0.0981738979,0,0.0780531115,0.2416743697,0.0308451625,0.0314228123,0,0.1315189225,
,,,,,,,,,,,,,,,,,,,,,,,,,,,,,,,
170809 S3B1R2D,D,Spruce,August,171103,0.0274,0.71,40,82.2,114.2,17.9,559.6,10.7,449.5,840.4,171.6,0.1812662067,0.5269982774,0.708264484,2.9073167419,0.016619325,0.0359320505,0.0042614576,0.0824358197,0.003692447,0.0590393245,0.2851765531,0.0245732296,0.0346949905,0.1502629917,0.3236816936,
170809 S3B2R2D,D,Spruce,August,171103,0.0268,0.74,40,76.9,96.1,12.1,490.4,0,394.1,781.2,171,0.1693490345,0.5220048358,0.6913538703,3.0824199105,0.0165675024,0.0322202144,0.0030695849,0.076979991,0,0.0626915989,0.2770345258,0.0196370873,0.0284038148,0,0.1563156918,
170809 S9B1R2D,D,Spruce,August,171103,0.0266,0.72,40,101.5,129.4,19.4,633.1,14.9,533.3,1068.7,174.7,0.2246476128,0.7000386767,0.9246862895,3.1161634349,0.0214363421,0.042529791,0.0048244737,0.0974212376,0.0053710579,0.0627856038,0.253457317,0.0316318737,0.0342082218,0.169798917,0.3223182945,
170809 S9B2R2D,D,Spruce,August,171103,0.0251,0.73,40,90.3,97.9,17.1,552.6,15.3,370.3,158.1,180.7,0.1676031648,0.1112746853,0.2788778501,0.663917566,0.0204913545,0.034573229,0.0045692256,0.0913672363,0.0059260222,0.0697788168,0.8129218017,0.0309866023,0.1111117368,0.1912446597,0.3387027629,
,,,,,,,,,,,,,,,,,,,,,,,,,,,,,,,
170809 S9B1R2,L,Spruce,August,171103,0.0266,0.74,40,99.5,120.4,15.3,590.3,8.6,471.2,972.3,166.1,0.2040021429,0.6545845263,0.8585866692,3.208713973,0.021597672,0.0406709842,0.0039105592,0.0933583861,0.0031861868,0.0613530314,0.2609833437,0.028694418,0.0334205259,0.1110385594,0.247321484,
170809 S9B2R2,L,Spruce,August,171103,0.0259,0.77,40,109.7,105.5,14.7,540.8,11,438.3,924.8,188.9,0.2027877872,0.6653561081,0.8681438953,3.2810462475,0.0254466939,0.0380847872,0.0040151858,0.0914025081,0.0043551824,0.0745657223,0.2739984478,0.0338170622,0.0389532914,0.1287865401,0.2475190838,
,,,,,,,,,,,,,,,,,,,,,,,,,,,,,,,
170920 P10B1R1D,D,Pine,September,171103,0.0279,0.74,40,138.4,142,28.4,717.8,0,561.5,1136.1,224.5,0.2317696909,0.7292214624,0.9609911532,3.1463193468,0.0286416072,0.0457323978,0.0069205914,0.1082334344,0,0.079060612,0.2794912752,0.0355621986,0.0370057502,0,0.1946052741,
170920 P10B1R2D,D,Pine,September,180118,0.0260,0.74,40,66.1,94.1,29.3,635.3,19.8,584.1,1007.6,214.5,0.2587169856,0.6940038769,0.9527208625,2.6824828504,0.0146789033,0.0325204171,0.0076616683,0.1027939835,0.0075049235,0.0810591375,0.2584377468,0.029845495,0.0313265891,0.251459172,0.508170219,
170920 P9B1R2D,D,Pine,September,180119,0.0242,0.77,40,55.2,69.1,38.8,456.1,36.4,417.1,831.4,230.7,0.2065355966,0.640178,0.8467135966,3.0996012821,0.0137040273,0.026696942,0.0113423864,0.0825022705,0.0154240864,0.0974628852,0.2918727167,0.0404705,0.0477971538,0.381119244,0.6613823088,
,,,,,,,,,,,,,,,,,,,,,,,,,,,,,,,
170920 P10B1R2,L,Pine,September,180119,0.0250,0.77,40,44.2,67.2,18.1,447,41.3,476.9,928.6,193.2,0.2285900925,0.692141296,0.9207313885,3.0278709301,0.0106220114,0.0251320608,0.0051218475,0.078268806,0.0169403927,0.0790085604,0.2336117585,0.0326842516,0.0354981399,0.5183044393,0.6750113318,
170920 P2B1R1,L,Pine,September,180118,0.0221,0.75,40,20.2,39.4,16.5,331.6,46.7,268.3,527.2,153.2,0.1416997313,0.4329719457,0.574671677,3.0555593975,0.0053487726,0.0162357862,0.0051445843,0.063975543,0.0211061284,0.0690309842,0.3146871612,0.0315994853,0.054987024,0.6679263348,0.8307322865,
170920 P2B1R2,L,Pine,September,180118,0.0240,0.76,40,21.5,43.9,17,438.9,80.7,296.5,676.5,205.8,0.1461189063,0.5184245,0.6645434063,3.5479631849,0.0053122021,0.0168800988,0.0049459375,0.0790129725,0.0340328713,0.0865294675,0.3411568717,0.0442910108,0.0666487853,0.7683922902,0.8800613943,
170920 P9B1R1,L,Pine,September,180118,0.0255,0.73,40,61,100.2,28.3,762,55.8,686.2,1275.2,278.2,0.3057121912,0.8834385569,1.189150748,2.8897720875,0.0136253069,0.0348304041,0.0074433162,0.1240132588,0.0212735312,0.1057440927,0.258108495,0.0423421542,0.0356070534,0.5024196707,0.6782094082,
170920 P9B1R2,L,Pine,September,180118,0.0251,0.73,40,66.8,91.8,38.1,580.1,33,530.6,1005.6,255.2,0.2401572759,0.7077661195,0.9479233954,2.9470942193,0.01515861,0.0324190237,0.0101805553,0.0959141038,0.0127816165,0.0985476151,0.2795600633,0.0381207818,0.0402150448,0.3352926131,0.6023531193,
,,,,,,,,,,,,,,,,,,,,,,,,,,,,,,,
170920 S3B1R1D,D,Spruce,September,180118,0.0254,0.73,40,53.6,89.4,18.2,665.2,7.6,529.1,896.8,191.9,0.2366498696,0.6237349921,0.8603848617,2.6356870309,0.0120195362,0.0311985762,0.0048057136,0.1086855614,0.0029088776,0.0732285489,0.2706309981,0.0197341274,0.0229363954,0.1474034046,0.3909263886,
170920 S3B2R1D,D,Spruce,September,180118,0.0265,0.77,40,38.7,68.3,29.8,619.2,44.8,427.7,805.7,188.5,0.1934031156,0.566543917,0.7599470325,2.9293422462,0.0087738376,0.0240975931,0.0079553349,0.1022836619,0.0173358672,0.0727231222,0.3068232481,0.0340650397,0.0448255448,0.5089049452,0.7424386493,
170920 S9B1R1D,D,Spruce,September,180118,0.0235,0.71,40,55.4,90.6,18.7,653.7,29.3,470.2,830.1,167.5,0.2210815372,0.6069267319,0.8280082691,2.7452619495,0.0130597249,0.0332373811,0.005190742,0.1122792338,0.0117891044,0.067192625,0.2931719648,0.0300395713,0.0362793131,0.3924524839,0.5652492916,
,,,,,,,,,,,,,,,,,,,,,,,,,,,,,,,
170920 S3B1R1,L,Spruce,September,180118,0.0270,0.74,40,45.3,77.2,22.6,556.4,19.5,470,778.8,167.9,0.2004680556,0.5165463111,0.7170143667,2.5767013586,0.0096872372,0.0256917311,0.0056908056,0.0866933022,0.0071174639,0.0610991209,0.2733273837,0.0224955067,0.0313738576,0.3163949136,0.5693701251,
170920 S3B2R1,L,Spruce,September,180118,0.0274,0.73,40,45.9,81.7,28.3,735.5,50.4,484.7,832.3,191.7,0.2009669685,0.5366208686,0.7375878371,2.6701943735,0.0095415463,0.0264303227,0.0069271738,0.1114000648,0.0178823891,0.0678126506,0.3253770401,0.0343511091,0.0465722283,0.5205767589,0.7222346963,
,,,,,,,,,,,,,,,,,,,,,,,,,,,,,,,
171018 P10B1R1D,D,Pine,October,180531,0.0235,0.70,40,115.4,63.8,59.4,533.9,16.4,421.4,788.1,171.5,0.1953457979,0.5681027234,0.7634485213,2.9081901407,0.0268206787,0.023075917,0.0162560106,0.0904108532,0.0065057404,0.06782825,0.3024401038,0.0495824298,0.0649453479,0.1312106013,0.4590688912,
171018 P10B1R2D,D,Pine,October,180119,0.0255,0.77,40,42.2,60.6,28.1,521.5,29.1,426.6,794.7,210.7,0.2004706324,0.5807231294,0.7811937618,2.8967990104,0.0099425269,0.0222193465,0.0077956838,0.0895231441,0.0117021656,0.0844756205,0.2888636576,0.0294403763,0.0376863945,0.3974869573,0.6622826159,
171018 P2B1R1D,D,Pine,October,180119,0.0251,0.77,40,54,64.4,25.6,506.1,30,377.6,767.7,214.4,0.1802720319,0.5699331394,0.7502051713,3.1615172555,0.0129254163,0.0239889359,0.0072152988,0.0882640416,0.0122563446,0.0873289211,0.3092206869,0.0323970598,0.0431842661,0.3783165729,0.6010311914,
171018 P9B1R2D,D,Pine,October,180119,0.0263,0.73,40,51.8,63.8,29.8,437.3,34.3,353.6,677.4,186.8,0.1527420913,0.4550170494,0.6077591407,2.9789892602,0.011218393,0.0215028439,0.0075994249,0.0690044435,0.0126789689,0.0688430802,0.3140177444,0.0314967868,0.0518244559,0.4025480123,0.6438242084,
,,,,,,,,,,,,,,,,,,,,,,,,,,,,,,,
171018 P10B1R1,L,Pine,October,180531,0.0270,0.70,40,62.1,58.7,54,549.1,88.5,440.2,815.7,180.7,0.1776084722,0.5117762222,0.6893846944,2.8814854146,0.012562025,0.0184790861,0.0128625,0.0809312389,0.0305562639,0.0622026287,0.3156347165,0.0559807889,0.0812039915,0.5458348211,0.7756011437,
171018 P10B1R2,L,Pine,October,180119,0.0258,0.78,40,53.3,85.4,26.5,577.6,53.2,525.6,902.1,191.4,0.2472917442,0.6600015349,0.9072932791,2.6689185968,0.0125729122,0.0313502407,0.0073606831,0.0992733209,0.0214194953,0.0768304081,0.2742300271,0.0413530907,0.0455785264,0.517966009,0.6959619705,
171018 P2B1R1,L,Pine,October,180119,0.0256,0.79,40,21.3,44.5,24.8,417.5,179.6,294.3,679.6,179,0.1413372876,0.5075231563,0.6488604438,3.5908652619,0.0051286198,0.0166745933,0.0070313086,0.0732443408,0.0738101629,0.0733426279,0.3841067146,0.0859700913,0.1324939625,0.8585562929,0.9403441389,
171018 P2B1R2,L,Pine,October,180119,0.0238,0.77,40,61.5,77.3,29,483.9,40.6,462.7,886.4,221.7,0.2329660478,0.6939990588,0.9269651066,2.9789708217,0.0155246801,0.030366964,0.0086200368,0.0890020191,0.0174929279,0.0952348213,0.276430523,0.0416376449,0.044918244,0.4201228961,0.6271479763,
171018 P9B1R1,L,Pine,October,180119,0.0256,0.76,40,41.6,58.3,34.7,461.4,63.7,366.5,684.7,193.6,0.1693272949,0.4919141563,0.6612414512,2.9051084557,0.0096360875,0.0210160113,0.0094645605,0.0778720641,0.025184641,0.0763124313,0.3319298802,0.0442852891,0.0669729476,0.5686909028,0.7824088381,
,,,,,,,,,,,,,,,,,,,,,,,,,,,,,,,
171018 S3B1R1D,D,Spruce,October,180119,0.0277,0.75,40,31.9,54.4,29.1,461.6,68.3,329.7,621.5,135.2,0.1389248082,0.4072283394,0.5461531476,2.9312859567,0.0067391629,0.0178849819,0.0072388876,0.0710522383,0.0246277595,0.048604278,0.3225236529,0.03860581,0.0706867848,0.6379288367,0.8254365625,
171018 S9B1R1D,D,Spruce,October,180119,0.0236,0.74,40,36.4,62.3,24.7,483.3,47.8,489.7,813.2,125.4,0.2389621875,0.6170671864,0.8560293739,2.5822796188,0.0089054297,0.023720065,0.0071156409,0.0861523208,0.0199604496,0.0522075801,0.2313723011,0.0359815201,0.0420330438,0.5547416981,0.7524999047,
,,,,,,,,,,,,,,,,,,,,,,,,,,,,,,,
171018 S3B2R1,L,Spruce,October,180119,0.0235,0.75,40,33.8,76.2,30.4,614.2,111.6,522.4,927.4,178.3,0.2594632979,0.7162685106,0.9757318085,2.7605773784,0.0084167394,0.0295295266,0.0089138298,0.1114380957,0.0474329681,0.075554625,0.2882818641,0.0647635372,0.066374322,0.7324023688,0.8700389182,
,,,,,,,,,,,,,,,,,,,,,,,,,,,,,,,
171108 P10B1R1D,D,Pine,November,180119,0.0241,0.74,40,80.2,52.6,50.1,491.9,13.6,402.6,701.8,182.8,0.1923834959,0.5214869046,0.7138704004,2.7106634187,0.0192142228,0.0196113971,0.014133501,0.0858661456,0.0055612996,0.0745258913,0.3066557422,0.0389090234,0.0545043238,0.1429308446,0.50617566,
171108 P10B1R2D,D,Pine,November,180531,0.0223,0.69,40,41.6,51.8,81.9,535.3,93,427.8,764,170.2,0.2059986491,0.5720749776,0.7780736267,2.7770812094,0.0100431821,0.0194617594,0.0232822786,0.0941611904,0.0383221513,0.0699230065,0.3279812598,0.071647612,0.0920833319,0.5348699039,0.8598253063,
171109 P2B1R1D,D,Pine,November,180531,0.0247,0.72,40,32,56.2,43.4,578,226.6,423.1,841,188.7,0.1919366599,0.5932625101,0.78519917,3.0909285926,0.0072781215,0.0198920696,0.0116231174,0.0957841943,0.0879666704,0.0730337757,0.3764369096,0.1068679093,0.1361029321,0.8231345688,0.9318960995,
171109 P2B1R2D,D,Pine,November,180119,0.0263,0.74,40,20.4,41.7,23.5,490.3,239.8,406.1,804.3,204.6,0.1778231606,0.547657962,0.7254811226,3.0797898316,0.0044785757,0.0142468922,0.0060749287,0.0784274932,0.0898561601,0.0764359928,0.3715052455,0.1004096644,0.1384042414,0.8948955319,0.9553969661,
171109 P9B1R1D,D,Pine,November,180531,0.0246,0.70,40,61.1,67.8,72.9,630.6,114.6,650,1047,227,0.2878429878,0.7209829268,1.0088259146,2.5047784986,0.0135655661,0.0234261402,0.0190584604,0.1020110854,0.0434280427,0.0857640142,0.2847402161,0.0760520691,0.0753867124,0.57103039,0.821627916,
171109 P9B1R2D,D,Pine,November,180531,0.0237,0.71,40,23.3,43.1,37.1,496.5,244.9,350.6,685.7,180.3,0.1634561551,0.4971180338,0.6605741888,3.0412928382,0.0054462767,0.0156781706,0.0102113054,0.0845589778,0.0977060583,0.0717169877,0.4319238949,0.1133636404,0.1716137904,0.861881799,0.9519574648,
,,,,,,,,,,,,,,,,,,,,,,,,,,,,,,,
17108 P10B1R1,L,Pine,November,180119,0.0259,0.77,40,24,47.7,16.2,481.7,181.3,431.4,719.1,190.4,0.1995953716,0.5173632973,0.7169586689,2.5920605929,0.0055671892,0.0172193777,0.0044248986,0.0814138095,0.071781325,0.075157827,0.3564562898,0.0817734128,0.114055965,0.8778076212,0.9319193244,
171108 P10B1R2,L,Pine,November,180531,0.0253,0.67,40,40.2,49,45.7,661.5,260,443.8,868.6,209,0.1829030484,0.5566593043,0.7395623528,3.0434665204,0.0083064243,0.0157564536,0.0111190539,0.0995897401,0.0916959881,0.0734880761,0.4055854587,0.1111214663,0.1502530056,0.8251869885,0.9252491478,
171109 P2B1R1,L,Pine,November,180119,0.0248,0.69,40,32.5,42.1,42.1,509.3,163.9,447,850.4,204.5,0.1935460433,0.5725798065,0.7661258498,2.9583648239,0.0070552848,0.0142228824,0.0107616003,0.0805566792,0.060729411,0.0755452273,0.3248436077,0.0785462961,0.1025240123,0.7731670878,0.9101767349,
171109 P2B1R2,L,Pine,November,180119,0.0242,0.76,40,28.1,47.4,22.3,559.8,270.4,526,995.4,227,0.2570770661,0.756504,1.0135810661,2.9427129049,0.006885545,0.0180752653,0.0064342872,0.099945119,0.1130908893,0.0946543099,0.334541979,0.1264107215,0.1247169326,0.8946305181,0.9455303715,
171109 P2B3R1,L,Pine,November,180119,0.0246,0.75,40,26.4,47,40.4,547.9,206.4,411.6,808.6,214.3,0.1952903963,0.5965890244,0.7918794207,3.0548815281,0.006280061,0.017399314,0.011316311,0.0949637652,0.0838028049,0.086749032,0.3794912208,0.1013991768,0.1280487587,0.8264643511,0.938065957,
171109 P9B1R1,L,Pine,November,180119,0.0245,0.75,40,46.7,71.4,58.5,629.3,180.9,588.2,1014.8,258.6,0.2802202806,0.7517804082,1.0320006888,2.6828194109,0.0111543903,0.0265400357,0.016453125,0.1095174643,0.0737490536,0.1051090255,0.3319020017,0.1013565689,0.098213664,0.727619871,0.8899490144,
171109 P9B1R2,L,Pine,November,180119,0.0245,0.75,40,31,53.4,23.4,482.2,222.7,537.8,932.7,205,0.2562095663,0.6909593878,0.9471689541,2.6968524152,0.0074044133,0.0198492704,0.00658125,0.0839175612,0.0907900179,0.0833230867,0.3081452345,0.1047756811,0.1106198431,0.8665180401,0.9293308029,
,,,,,,,,,,,,,,,,,,,,,,,,,,,,,,,
171108 S3B1R1D,D,Spruce,November,180604,0.0261,0.74,40,47.3,86.7,71.6,703.3,142.5,608.3,1082.3,192.7,0.2684036351,0.7425987893,1.0110024243,2.766724039,0.0104637205,0.029848219,0.018650977,0.1133606425,0.0538057615,0.0725419519,0.295420926,0.082920459,0.0820180615,0.6488840286,0.8738101474,
171108 S3B2R1D,D,Spruce,November,180119,0.0275,0.73,40,42.5,80.6,56.7,749.2,161.1,634.9,1100,215.8,0.2622858477,0.70664,0.9689258477,2.6941598494,0.0088026386,0.0259796515,0.0138283568,0.1130624531,0.0569519255,0.0760602795,0.3041360757,0.079582921,0.0821352028,0.7156299974,0.889390355,
171108 S9B1R1D,D,Spruce,November,180119,0.0265,0.72,40,32.1,57.9,43.7,628.7,174.5,468.3,857.5,171.5,0.1980113774,0.5638143396,0.761825717,2.8473835551,0.0068049577,0.0191017562,0.0109085094,0.0971092392,0.0631400264,0.0618681396,0.3398843369,0.0808534936,0.1061312211,0.7809189636,0.9158359468,
,,,,,,,,,,,,,,,,,,,,,,,,,,,,,,,
171108 S3B1R1,L,Spruce,November,180531,0.0233,0.70,40,20.1,38.4,20.7,464.2,183.4,345.1,698.8,137.5,0.1613490612,0.5080545923,0.6694036534,3.1487917477,0.0047116384,0.0140081717,0.0057135998,0.0792825708,0.0733777103,0.0548480418,0.3464900911,0.0838029485,0.1251904558,0.8755981933,0.9437771761,
171108 S3B2R1,L,Spruce,November,180119,0.0247,0.77,40,35.5,56.5,18.3,541.2,151,524.5,903.3,166.5,0.2544594762,0.6814612227,0.9359206989,2.6780736674,0.008634872,0.0213870228,0.0052413386,0.0959140057,0.0626893006,0.0689166756,0.2807750865,0.0765655111,0.0818076908,0.818766827,0.8872224343,
171108 S3B2R1,L,Spruce,November,180531,0.0255,0.71,40,50.1,70.2,37,684.9,187.8,500.1,998.1,195.2,0.2166977426,0.6725236941,0.8892214368,3.1035103823,0.0108840285,0.0237335876,0.0094649265,0.1084116124,0.0696364241,0.0721629522,0.3309564065,0.0899853791,0.1011956925,0.7738637632,0.8790467003,
171108 S9B1R1,L,Spruce,November,180531,0.0240,0.74,40,35.8,51.6,37.1,557.3,175.5,409.2,759.4,127.9,0.1963520625,0.5666389667,0.7629910292,2.885831498,0.0086126596,0.0193187175,0.0105097344,0.0976877238,0.0720643219,0.0523609277,0.3414903647,0.0911867158,0.1195121729,0.7902940819,0.9055491855,
171108 S9B2R1,L,Spruce,November,180531,0.0264,0.68,40,24.8,36.4,33.7,501.5,220.6,296.8,696.9,126.8,0.1189729545,0.434401,0.5533739545,3.6512584029,0.0049841424,0.0113845136,0.0079750284,0.0734355568,0.0756716492,0.0433651197,0.3918073998,0.0886308201,0.1601644229,0.8537848254,0.9437651325,
171108 S9B2R1,L,Spruce,November,180531,0.0226,0.73,40,14.1,30.5,27,496.3,213.7,205.2,560.1,114,0.1031504535,0.4378197611,0.5409702146,4.2444773245,0.0035535899,0.0119625116,0.0080126383,0.0911358325,0.0919266955,0.04889175,0.4722681784,0.1034929237,0.1913098372,0.8882413618,0.9656634501,Should be deleted
,,,,,,,,,,,,,,,,,,,,,,,,,,,,,,,
180127 P2B1R1D,D,Pine,January,180604,0.0228,0.72,40,19.5,58.5,34.5,484.6,187.7,377.4,688.7,177.2,0.1854722368,0.5263117895,0.7117840263,2.8376850273,0.0048046974,0.0224316711,0.0100095395,0.0869984526,0.0789377289,0.0742980947,0.3898376108,0.0937519658,0.1317140626,0.841984787,0.9487509693,
180127 P2B1R2D,D,Pine,January,180604,0.0265,0.74,40,20.1,62.3,42.1,544.6,299.2,355,755.5,163,0.1542742925,0.5105469434,0.6648212358,3.3093455512,0.0043794108,0.0211242843,0.010801033,0.0864557638,0.1112679638,0.0604351717,0.4429215126,0.1264484075,0.1901991103,0.8799475291,0.9653660268,
180127 P9B1R1D,D,Pine,January,180604,0.0226,0.73,40,31.3,77.4,42.1,685.8,278,552.8,1016.1,242.4,0.2778828982,0.7942664867,1.072149385,2.8582776838,0.0078884656,0.0303573246,0.0124937804,0.1259338181,0.1195864358,0.1039593,0.3732867175,0.1399686819,0.1305496079,0.8543799531,0.9436412096,
180127 P9B1R2D,D,Pine,January,180606,0.0254,0.75,40,46.2,71.7,62.5,788.4,281.8,626.8,1209,285.1,0.2880287894,0.8639114173,1.1519402067,2.9993925927,0.0106439616,0.0257072023,0.0169552781,0.1323441142,0.1108131348,0.1117740723,0.3543914527,0.1384123745,0.1201558672,0.8006013569,0.9230996387,
180129 P10B1R1D,D,Pine,January,180606,0.0245,0.75,40,17.3,43.3,43.3,490.4,262.5,300.2,641,173.9,0.143016199,0.4748632653,0.6178794643,3.3203460076,0.0041321403,0.0160950077,0.012178125,0.0853446122,0.107015625,0.0706823648,0.4781642571,0.1233258903,0.1995953862,0.8677466243,0.9664941376,
180129 P10B1R2D,D,Pine,January,180604,0.0263,0.70,40,28.4,80.1,21.1,686.6,326.3,522.2,984.8,193.9,0.2163009981,0.6343160456,0.8506170437,2.932561806,0.0058978593,0.0258870713,0.0051596721,0.103890673,0.1156597025,0.0685230067,0.3820967228,0.1267172338,0.1489709556,0.9127385358,0.9534565336,
,,,,,,,,,,,,,,,,,,,,,,,,,,,,,,,
180127 P2B1R1,L,Pine,January,180604,0.0235,0.73,40,14.4,45.2,24.4,449.3,288.1,290.5,657.7,132.9,0.1404366622,0.4944224766,0.6348591388,3.5206082851,0.0034902077,0.0170491034,0.006963734,0.079345424,0.1191848246,0.054814605,0.4423782876,0.1296387663,0.204200835,0.9193609905,0.9730774385,
180127 P2B1R2,L,Pine,January,180604,0.0231,0.73,40,20.3,56.1,33.4,494.7,297.5,347.8,759.3,168.6,0.1710487175,0.5806837143,0.7517324318,3.3948440109,0.005005422,0.0215269179,0.0096973864,0.0888757461,0.125204678,0.0707432097,0.4270846201,0.1399074864,0.1861134101,0.8949104961,0.9642233443,
180127 P9B1R1,L,Pine,January,180606,0.0248,0.78,40,28.7,61,53.1,660.7,222.4,544.2,957.1,228.5,0.266367248,0.7284765968,0.9948438448,2.7348579913,0.0070430147,0.0232959738,0.0153438659,0.1181347585,0.0931537645,0.0954213236,0.3542191097,0.1155406452,0.1161394783,0.806242378,0.9390429688,
180127 P9B1R2,L,Pine,January,180604,0.0237,0.72,40,33.3,107.8,63,870.7,293.8,688.8,1281.9,296.8,0.3256541772,0.9424398987,1.2680940759,2.8939898969,0.0078933646,0.039765919,0.0175841772,0.1503776051,0.1188662734,0.1197193519,0.3581805954,0.1443438152,0.1138273713,0.8234940531,0.9453155333,
180129 P10B1R1,L,Pine,January,180606,0.0226,0.75,40,24.9,48.1,31.4,575.3,287.2,370.8,775.5,235.7,0.1915013827,0.6228019912,0.8143033739,3.2522062359,0.0064474198,0.0193823313,0.0095737002,0.1085369635,0.1269287389,0.1038553125,0.460177961,0.142949859,0.1755486512,0.887924898,0.9548973336,
180129 P10B1R2,L,Pine,January,180604,0.0259,0.75,40,16.1,41,29.9,500.7,340.9,267.9,626,171.4,0.1207295487,0.4386833977,0.5594129464,3.633604219,0.003637652,0.0144162886,0.0079548142,0.0824270125,0.1314653209,0.0659004875,0.5466472983,0.1430577872,0.2557284169,0.9189665488,0.9745721495,
 ,,,,,,,,,,,,,,,,,,,,,,,,,,,,,,,
180129 S3B2R1D,D,Spruce,January,180606,0.0274,0.75,40,21.5,30.7,62.6,519.7,278.4,204.6,697.3,125.9,0.2970364393,0.4618976277,0.7589340671,1.5550200803,0.0045917997,0.0102036884,0.0157428148,0.0433221898,0.0745828604,0.0457564941,0.2558850045,0.0949174749,0.125066826,0.7857653238,0.9516232419,
180129 S9B1R1D,D,Spruce,January,180606,0.0261,0.76,40,50.3,69.8,98.8,760.5,222.9,504.9,1029.9,199.3,0.2288009483,0.725744092,0.9545450402,3.1719452975,0.0114281215,0.0246795149,0.0264318391,0.1258933448,0.0864382287,0.077054267,0.3686838245,0.1242981893,0.1302172072,0.6954102006,0.9080588259,
180129 S9B1R2D,D,Spruce,January,180606,0.0251,0.74,40,34.9,63.4,59.3,621.7,204.8,424.3,888.7,167.4,0.1946750946,0.6340573546,0.8287324492,3.2570029351,0.0080281819,0.0226963159,0.0160623855,0.1042003876,0.08041011,0.0655284299,0.3582891089,0.1045006773,0.126097002,0.7694697493,0.923175791,
,,,,,,,,,,,,,,,,,,,,,,,,,,,,,,,
180129 S3B1R1,L,Spruce,January,180606,0.0244,0.76,40,29.1,59.3,29.3,615.9,270.9,405.5,956.5,174.8,0.1965594775,0.7209814754,0.9175409529,3.6680066753,0.0070721348,0.0224277947,0.0083847234,0.1090597352,0.1123713184,0.0722905459,0.3614075769,0.1278281766,0.139316045,0.8790809773,0.9446746795,
180129 S3B2R1,L,Spruce,January,180606,0.0257,0.75,40,16.9,32.3,28,422.7,278.9,204.5,666.3,116.7,0.0928754256,0.4705581712,0.5634335968,5.0665519781,0.0038481201,0.0114456055,0.0075072957,0.0701279037,0.1083925316,0.045218412,0.4375668581,0.1197479475,0.2125324939,0.905172355,0.9678648343,
180129 S9B1R1,L,Spruce,January,180604,0.0259,0.74,40,33.9,81.6,46.6,679.3,270.7,445.5,963.6,187.6,0.1980883929,0.6662605714,0.8643489643,3.3634508404,0.0075572786,0.0283093714,0.0122325,0.1103377286,0.10300135,0.0711674,0.384804798,0.1227911286,0.1420619838,0.8388338083,0.9384541973,
180129 S9B1R2,L,Spruce,January,180604,0.0269,0.73,40,18.5,40,29.4,496.2,259.5,278.8,707.3,128.7,0.1177450651,0.4645041561,0.5822492212,3.944998934,0.0039172031,0.0131807063,0.0073301905,0.0765522234,0.0937844094,0.0463730261,0.4141487014,0.105031803,0.1803897698,0.8929144005,0.9627046004,
,,,,,,,,,,,,,,,,,,,,,,,,,,,,,,,
180314 P10B1R1D,D,Pine,March,180606,0.0243,0.71,40,25.6,56.3,35.2,672,284.6,558.2,1010.8,226.9,0.2538173302,0.7147146337,0.968531964,2.8158622307,0.0058361416,0.0199741627,0.0094491358,0.1116225185,0.110741315,0.088024361,0.3568778806,0.1260265924,0.1301212527,0.8787138724,0.9536911897,
180314 P10B1R2D,D,Pine,March,180619,0.0256,0.72,40,19.7,41,38.9,593.7,299.4,426.5,883.6,239.4,0.1866770508,0.60140025,0.7880773008,3.2216078382,0.0043230727,0.0140018203,0.0100516992,0.0949270641,0.1121416734,0.0893990672,0.4121986467,0.1265164453,0.1605381162,0.8863802106,0.9658299548,
180315 P2B1R1D,D,Pine,March,180622,0.0262,0.73,40,27,43.5,48.8,482.6,253.4,369.3,783.6,164.7,0.1601327791,0.5283617405,0.6884945196,3.299522705,0.0058697433,0.0147169881,0.0124921947,0.0764432874,0.094026633,0.0609300421,0.384140877,0.112388571,0.163238149,0.8366209498,0.9477727738,
180315 P2B1R2D,D,Pine,March,180622,0.0252,0.70,40,23.6,54.2,24.5,619,422.5,437.4,939.5,150,0.189084375,0.6315527778,0.8206371528,3.3400579915,0.0051149722,0.0182812083,0.0062526042,0.0977504167,0.1562956597,0.0553229167,0.4131153173,0.1676632361,0.2043086101,0.9321999464,0.9694925832,
180315 P9B1R1D,D,Pine,March,180619,0.0240,0.76,40,30.3,33.2,50.3,435.7,246.6,358.5,701.4,167.5,0.1766732813,0.5375062,0.7141794813,3.0423740149,0.0074864988,0.012765815,0.0146341563,0.0784368925,0.1039963575,0.0704260729,0.4029040325,0.1261170125,0.1765900811,0.8246021329,0.9406384706,
180315 P9B1R2D,D,Pine,March,180606,0.0263,0.78,40,31.9,55.2,56.8,547.6,287.9,409.4,841.7,247.8,0.1889583365,0.6041037719,0.7930621084,3.1970210103,0.0073818177,0.0198786114,0.0154769202,0.0923278586,0.1137111952,0.0975790232,0.43673178,0.1365699331,0.1722058482,0.8326224717,0.9459484418,
,,,,,,,,,,,,,,,,,,,,,,,,,,,,,,,
180314 P10B1R1,L,Pine,March,180606,0.0234,0.75,40,14.1,21.1,55.3,363.9,242.2,206.1,523.1,143.4,0.1028022837,0.4057378205,0.5085401042,3.9467782825,0.0035261298,0.0082117548,0.0162842548,0.0663067788,0.1033813622,0.0610254327,0.5087813351,0.1231917468,0.2422458834,0.8391906509,0.971376899,
180315P2B1R1,L,Pine,March,180619,0.0255,0.72,40,15.2,27.4,49.1,465.7,337.4,283.4,692.9,178.8,0.1245292941,0.4734544941,0.5979837882,3.8019527652,0.0033486494,0.0093940094,0.0127371176,0.0747530682,0.1268703388,0.0670310682,0.491876632,0.1429561059,0.2390635143,0.8874775795,0.9765756811,
180315P2B1R2,L,Pine,March,180619,0.0230,0.70,40,26.1,34.5,51.7,508.3,361.2,333.5,792.3,205.9,0.157959375,0.5835461739,0.7415055489,3.6942800889,0.0061978989,0.012749625,0.0144563315,0.08794695,0.1463998565,0.0832037424,0.4732997681,0.167054087,0.2252904071,0.8763620166,0.962898849,
180315P9B1R1,L,Pine,March,180619,0.0246,0.72,40,16.2,37.2,38.8,436.8,255.1,310,310,655.2,0.1412012195,0.2195707317,0.3607719512,1.5550200803,0.0036995268,0.0132205171,0.0104334146,0.0726792585,0.0994330024,0.2546171122,1.2586422813,0.1135659439,0.3147859569,0.8755529961,0.9674239767,
180315P9B1R2,L,Pine,March,180622,0.0253,0.72,40,34,49.6,73.3,613.9,275.9,452,896.7,253.1,0.2001841897,0.6175533913,0.817737581,3.0849258983,0.0075496126,0.0171396427,0.0191651976,0.09932077,0.1045650095,0.0956357858,0.4199097928,0.1312798198,0.1605402794,0.7965048221,0.9424922074,
,,,,,,,,,,,,,,,,,,,,,,,,,,,,,,,
180314S3B1R1D,D,Spruce,March,180619,0.0258,0.71,40,18.5,27.6,64.2,550.1,285.9,252.6,745.1,141,0.1081810901,0.4962134961,0.6043945862,4.5868783129,0.0039723193,0.0092226523,0.0162319622,0.0860618657,0.1047793026,0.0515197878,0.4496861754,0.1249835841,0.2067913693,0.8383445183,0.9682172718,
180314S3B2R1D,D,Spruce,March,180619,0.0257,0.76,40,11.9,22.1,38.2,411.7,190.5,111.4,509.1,122,0.0512678405,0.3643333541,0.4156011946,7.1064696848,0.0027457514,0.0079356198,0.0103786576,0.0692136584,0.075023644,0.0479023268,0.5129909653,0.0881480529,0.212097689,0.8511094855,0.9688506862,
180314S9B1R1D,D,Spruce,March,180619,0.0269,0.71,40,22.4,41.8,53.7,665.8,273.6,382.4,807.4,164.1,0.1570736431,0.5157154944,0.6727891375,3.2832720001,0.0046130468,0.0133964727,0.0130220005,0.0999034138,0.0961711628,0.057508357,0.4230366361,0.1138062101,0.1691558377,0.8450431898,0.9594657723,
180314S9B2R1D,D,Spruce,March,180619,0.0253,0.72,40,17.7,27.6,45.5,503.9,259.9,244.1,722.8,134.2,0.1081083202,0.4977892174,0.6058975375,4.6045412292,0.0039302395,0.0095373818,0.0118965415,0.0815242482,0.0985010727,0.0507085043,0.4226754068,0.1143278538,0.1886917287,0.8615667092,0.9656230796,
,,,,,,,,,,,,,,,,,,,,,,,,,,,,,,,
180314S3B1R1,L,Spruce,March,180619,0.0255,0.73,40,13.3,30.5,17.8,494.4,311.6,263.3,712.6,138.4,0.1173040221,0.493678102,0.610982124,4.2085351661,0.0029707636,0.0106020691,0.0046816618,0.0804621459,0.118796278,0.0526059757,0.4421060511,0.1264487034,0.2069597431,0.9394819782,0.9765061757,
180314S3B2R1,L,Spruce,March,180619,0.0254,0.74,40,5.8,12.8,20.5,326.2,276.2,105.5,573.9,101.2,0.0478332431,0.4046220945,0.4524553376,8.4590144464,0.0013184382,0.0045281008,0.0054871801,0.0540271961,0.1071628815,0.0391466701,0.4678262121,0.1139684998,0.2518889498,0.9402850935,0.9884315562,
180314S9B2R1,L,Spruce,March,180622,0.0234,0.71,40,14.5,30.7,18.9,496.2,295.7,251.5,251.5,644.6,0.1187571715,0.1846697863,0.3034269578,1.5550200803,0.0034327666,0.0113106869,0.0052686779,0.0855913192,0.1194858621,0.2596863382,1.5976683627,0.1281873065,0.4224651212,0.9321192973,0.9732206983,
,,,,,,,,,,,,,,,,,,,,,,,,,,,,,,,
180410 P10B1R1D,D,Pine,April,180622,0.0238,0.74,40,37.3,60.2,57.5,684.9,276.4,560.4,1002.6,283.1,0.2711641387,0.7543933109,1.0255574496,2.7820541266,0.009048933,0.0227279029,0.0164255515,0.1210632693,0.1144499235,0.1168721254,0.3906048421,0.139924408,0.1364374156,0.8179410953,0.9353298462,
180410 P10B1R2D,D,Pine,April,180627,0.0274,0.72,40,33.4,109.6,25.5,910.9,454.7,631.9,1146.6,255.4,0.2584102007,0.7291371679,0.9875473686,2.8216268778,0.0068479752,0.0349704,0.0061562956,0.136076492,0.1591217672,0.0891085007,0.4377323503,0.172126038,0.1742964879,0.9244491365,0.9602153442,
180411 P2B1R1D,D,Pine,April,180627,0.0276,0.74,40,25.4,61.9,79.7,695.4,322.4,420.1,857.9,172.7,0.1752890082,0.5566403333,0.7319293415,3.1755575504,0.0053136156,0.0201521505,0.0196326223,0.1059955891,0.115117242,0.0614796357,0.4477083192,0.1400634799,0.1913620236,0.8218933452,0.9620628048,
180411 P9B1R1D,D,Pine,April,180627,0.0259,0.75,40,46.1,87.2,90.8,761.1,259.4,562.1,1072.6,205.1,0.2533112331,0.7516482625,1.0049594957,2.9672914751,0.0104158856,0.0306609846,0.0241570946,0.1252949855,0.1000355068,0.0788575845,0.3675989362,0.134608487,0.1339441913,0.7431589865,0.9226208848,
180411 P9B1R2D,D,Pine,April,180627,0.0266,0.75,40,26.5,59.4,70.4,573.4,259.2,329.2,687.1,148.7,0.1444504229,0.4688295113,0.6132799342,3.2456084362,0.0058298755,0.0203364051,0.0182368421,0.091911062,0.0973278947,0.0556681649,0.4717425571,0.1213946123,0.197943232,0.8017480585,0.9519758302,
,,,,,,,,,,,,,,,,,,,,,,,,,,,,,,,
180410 P10B1R1,L,Pine,April,180622,0.0251,0.74,40,44.7,74.1,64.2,802.6,290.4,664.1,1156,303.9,0.3046988695,0.8247668526,1.1294657221,2.7068260998,0.0102825137,0.0265267667,0.0173896315,0.1345202367,0.1140190231,0.1189611102,0.3733617352,0.1416911683,0.1254497286,0.8047009877,0.9274301012,
180410 P10B1R2,L,Pine,April,180622,0.0247,0.69,40,34.2,51.8,52,613.6,246,515,907.1,252.7,0.22389208,0.6132289798,0.8371210597,2.7389489609,0.0074543885,0.0175707383,0.0133460526,0.0974468842,0.0915187227,0.0937289365,0.3835355939,0.1123191638,0.1341731431,0.8148095089,0.9336320872,
180411 P2B1R1,L,Pine,April,180622,0.0248,0.71,40,28.8,44.5,56.2,495.5,245.5,362.4,731.1,168.7,0.1614634476,0.5065225887,0.6679860363,3.1370727945,0.0064332871,0.0154694471,0.0147822429,0.080645622,0.0936010822,0.0641265773,0.4117724677,0.1148166122,0.171884749,0.8152224697,0.9439690218,
180411 P2B1R2,L,Pine,April,180622,0.0237,0.76,40,30.4,40,55.1,503.5,234.4,418.2,801,186.9,0.2087029747,0.621603038,0.8303060127,2.9784100534,0.0076062852,0.0155751899,0.0162335759,0.091789962,0.1001026464,0.0795776038,0.3744225124,0.1239425076,0.1492732868,0.807653874,0.9386305362,
180411 P9B1R1,L,Pine,April,180627,0.0236,0.72,40,24.2,67.9,55.9,636,280.7,435.9,865.1,182.3,0.2069601483,0.6387077288,0.8456678771,3.0861387279,0.0057606254,0.0251534975,0.0156685805,0.1103082712,0.1140474585,0.0738454042,0.4077059643,0.1354766644,0.1602007929,0.8418236378,0.9574788363,
180411 P9B1R2,L,Pine,April,180627,0.023,0.71,40,42.5,68.8,77,592.3,180.9,412.4,793.3,168.7,0.1981200978,0.5926295913,0.7907496891,2.9912643786,0.0102365408,0.0257885583,0.021838288,0.1039447872,0.0743689732,0.069145179,0.3861175421,0.106443802,0.1346112473,0.6986688918,0.9038315001,
,,,,,,,,,,,,,,,,,,,,,,,,,,,,,,,
180410 S3B1R1D,D,Spruce,April,180627,0.025,0.8,40,26.9,70.9,49.9,651.9,168.6,405.1,730.7,148.5,0.2017398,0.56585408,0.76759388,2.8048708287,0.006716392,0.027548904,0.0146706,0.118593648,0.071850576,0.06309468,0.3940557733,0.093237568,0.1214673155,0.7706182984,0.9279647449,
180410 S3B2R1D,D,Spruce,April,180622,0.0216,0.78,40,20.8,36.9,34.6,482.1,205.2,305.1,653.6,135,0.1714598438,0.5711737778,0.7426336215,3.3312393461,0.0058605444,0.0161798813,0.0114792708,0.0989711125,0.098682675,0.0647278125,0.3984485592,0.1160224903,0.1562311306,0.8505478099,0.9494878585,
180410 S9B1R1D,D,Spruce,April,180627,0.0244,0.69,40,15.6,54.1,31,662.8,351.9,341.1,854.4,136,0.1501137065,0.5847037377,0.7348174442,3.8950722856,0.0034420537,0.0185765321,0.008054124,0.1065546074,0.1325260448,0.051063959,0.4357780609,0.1440222224,0.1959972828,0.9201777513,0.9761005376,
180410 S9B2R1D,D,Spruce,April,180627,0.0225,0.74,40,8.7,37.7,28.9,491.9,267,252.4,679.8,109.8,0.1291867333,0.5410603733,0.6702471067,4.1882038455,0.0022325553,0.0150556207,0.0087326167,0.0919721827,0.1169454067,0.047947708,0.4220623815,0.1279105787,0.1908409263,0.9142747057,0.982545968,
,,,,,,,,,,,,,,,,,,,,,,,,,,,,,,,
180410 S3B1R1,L,Spruce,April,180627,0.0246,0.72,40,27.9,82.3,43.9,711.9,194.1,468.4,864,169.3,0.2133504878,0.611964878,0.8253153659,2.8683547169,0.0063714073,0.0292486171,0.0118048171,0.1184532146,0.0756563927,0.0657916317,0.3723741169,0.0938326171,0.1136930451,0.806290979,0.9320981604,
180410 S3B2R1,L,Spruce,April,180627,0.025,0.74,40,23.5,68.3,31.8,575.7,178,337.7,643.9,136.1,0.155561505,0.461238448,0.616799953,2.9649909083,0.005427419,0.0245482494,0.00864801,0.0968764932,0.070167244,0.0534892054,0.4201631659,0.084242673,0.1365802196,0.8329180628,0.9355739935,
180410 S9B1R1,L,Spruce,April,180622,0.0249,0.70,40,22.1,44.1,22.1,620.8,342.5,352.5,909.1,143.5,0.15421875,0.6184800803,0.7726988303,4.0104078157,0.0048475773,0.0150537741,0.0057080572,0.0992158072,0.1282277359,0.053563248,0.3968120408,0.1387833705,0.1796086199,0.9239416473,0.9650709066,
180410 S9B2R1,L,Spruce,April,180627,0.0264,0.71,40,14.9,58.6,18.9,673.9,355.8,331.6,789.2,150.2,0.1387868466,0.5136376667,0.6524245133,3.7009102756,0.0031266154,0.019136396,0.0046699645,0.1030339494,0.1274333415,0.0536340589,0.4767361119,0.1352299214,0.2072729008,0.9423457483,0.9768792631,
,,,,,,,,,,,,,,,,#DIV/0!,#DIV/0!,#DIV/0!,#DIV/0!,#DIV/0!,#DIV/0!,#DIV/0!,#DIV/0!,#DIV/0!,#DIV/0!,,,,#DIV/0!,#DIV/0!,
180515 P2B1R1D,D,Pine,May,180711,0.025,0.8,40,110,62.3,43.9,504.4,9.2,363.5,603.2,117.4,0.181023,0.46711808,0.64814108,2.5804349724,#REF!,#REF!,#REF!,#REF!,#REF!,#REF!,,,,#REF!,#REF!,
180515 S9B1R1D,D,Spruce,May,180711,0.0256,0.72,40,94.1,68,58.7,701.3,20,507.5,823.4,173.8,0.2274615,0.573876864,0.801338364,2.5229626288,0.0211453992,0.023779872,0.01553202,0.1148224464,0.00767088,0.0664597296,0.3112422397,0.0443482992,0.055342788,0.1729689783,0.5231970655,
180515 S3B1R1,L,Spruce,May,180711,0.0241,0.74,40,87,48.1,30.5,497.4,11.2,342.8,573.9,133.8,0.1638079046,0.4264481826,0.5902560871,2.6033431275,0.0208433589,0.017933616,0.0086042272,0.0868262266,0.0045798938,0.0545490386,0.3275465772,0.0340274799,0.0576486725,0.134593975,0.3874551099,
180515 S9B1R2D,D,Spruce,May,180711,0.0244,0.72,40,84.9,53,51.6,607.3,16.4,449.9,758.1,158.2,0.206603668,0.5413579672,0.7479616352,2.6202727782,0.0195471811,0.0189900738,0.0139890984,0.1018770639,0.0064447967,0.061981982,0.2979166115,0.0399810762,0.0534533783,0.161196179,0.5110891704,
180515 P10B1R2D,D,Pine,May,180711,0.0267,0.71,40,139.7,85,68.7,811.5,13.3,634,979.8,176.9,0.262370927,0.6305214831,0.8928924101,2.4031682566,0.0289852647,0.0274456882,0.0167842205,0.1226778287,0.0047100057,0.062458454,0.2946172,0.0504794909,0.0565347967,0.093305333,0.4258011685,
180515 P2B1R1,L,Pine,May,180711,0.0235,0.73,40,126.8,71.9,33,578.7,7,531.6,812.8,129.2,0.2569918404,0.6110180766,0.868009917,2.37757773,0.0307332174,0.0271201446,0.0094181649,0.1021971887,0.0028958479,0.05328854,0.2599660431,0.0430472302,0.0495930166,0.06727141,0.2860581902,
180515 P9B1R1D,D,Pine,May,180711,0.0247,0.76,40,108.3,45.9,42.4,462.1,11.5,321.9,533.3,114.5,0.1541405769,0.3971033846,0.5512439615,2.5762417174,0.0260003308,0.0171489462,0.0119861538,0.0808319538,0.0047123462,0.0467776538,0.3400624727,0.0426988308,0.0774590449,0.1103624167,0.3910762824,
180515 P9B1R2D,D,Pine,May,180711,0.023,0.72,40,136.4,55,57.8,566.1,21.5,357,603.1,183.2,0.173921087,0.4568875826,0.6308086696,2.6269821021,0.0333159965,0.0209062174,0.0166237826,0.1007461096,0.0089632565,0.0761458852,0.406939949,0.0589030357,0.093377023,0.1521696874,0.4343925376,
180515 S9B1R2,L,Spruce,May,180711,0.0247,0.72,40,104.4,59.4,31.4,630.3,10.1,619.5,946.3,174.7,0.2810322874,0.6675437733,0.9485760607,2.3753276869,0.0237448713,0.0210247142,0.0084093522,0.1044511725,0.0039208445,0.0676152656,0.2415897151,0.036075068,0.0380307595,0.1086857143,0.3417927516,
,,,,,,,,,,,,,,,,#DIV/0!,#DIV/0!,#DIV/0!,#DIV/0!,#DIV/0!,#DIV/0!,#DIV/0!,#DIV/0!,#DIV/0!,#DIV/0!,,,,#DIV/0!,#DIV/0!,
180515 P10B1R1,L,Pine,May,180710,0.0251,0.8,40,127.8,82,31.1,659.1,7.9,558.1,850.8,197.8,0.276826494,0.6562345817,0.9330610757,2.3705627743,0.0317819761,0.0317349801,0.0091069721,0.1194257689,0.003353251,0.0837064382,0.2991330297,0.0442421992,0.0474161878,0.075793045,0.2816366124,
180515 P2B1R1,L,Pine,May,180710,0.0269,0.72,40,132.7,72.4,46.8,578.8,18.9,377.2,653.4,128.9,0.1571199257,0.4232283123,0.5803482379,2.6936641582,0.0277130877,0.0235302691,0.0115086245,0.0880722736,0.0067369717,0.0458088558,0.350427673,0.045958684,0.0791915629,0.1465875686,0.3969999723,
180515 P10B1R2,L,Pine,May,180710,0.0268,0.73,40,150.6,104.2,52.3,849.4,18.8,625.7,1015.5,206.4,0.2652366814,0.6693963806,0.934633062,2.5237700041,0.032007136,0.0344638584,0.0130884165,0.1315318086,0.0068197526,0.074647294,0.3130193848,0.0519153051,0.0555461895,0.1313630459,0.3834739885,
180611 P2B1R1,L,Pine,June,180710,0.0272,0.7,40,82.4,72.7,32.9,548.9,22.9,466.4,927.3,178.7,0.1867957721,0.5775169853,0.7643127574,3.0917026597,0.0165458897,0.0227180818,0.0077789752,0.0803068952,0.0078485119,0.0610618557,0.2567799735,0.0321733768,0.0420945176,0.2439443018,0.4857272897,
180611 P10B1R2,L,Pine,June,180710,0.024,0.71,40,99,80,13.4,563.4,0,492.4,881.4,177.3,0.2266963438,0.63100895,0.8577052938,2.7834985759,0.0228515719,0.02873725,0.0036420781,0.0947533163,0,0.0696421472,0.2560627351,0.02649365,0.0308889897,0,0.1374698513,
180611 P9B1R1D,D,Pine,June,180710,0.0264,0.71,40,133,85.6,26.4,648.2,0,593,1125.5,233.8,0.2481924006,0.7325129167,0.9807053172,2.9513914003,0.027908715,0.0279535068,0.006523125,0.0991046239,0,0.0834863047,0.2497960102,0.03443184,0.035109262,0,0.1894503752,
180611 P9B1R2D,D,Pine,June,180710,0.0249,0.76,40,112.2,74,25.7,550.5,0,519.5,948.4,212.1,0.2467625,0.700520996,0.947283496,2.8388470533,0.0267202723,0.0274254699,0.0072068373,0.0955216988,0,0.0859550157,0.2563427897,0.0339271096,0.0358151596,0,0.2124212002,
180611 P10B1R2D,D,Pine,June,180710,0.0252,0.73,40,111.3,79.9,19,643.2,0,638,1099.7,228.9,0.2876221726,0.7709246111,1.0585467837,2.6803379033,0.0251565604,0.0281045872,0.0050567708,0.1059250857,0,0.0880408896,0.2383304145,0.0302133313,0.028542273,0,0.1673688608,
180611P2B1R2,L,Pine,June,180710,0.0245,0.71,40,78.5,61.2,31.1,492.6,15.3,436.4,808,130.7,0.1968141735,0.5666553469,0.7634695204,2.8791389205,0.0177498913,0.0215353433,0.008280375,0.0811553473,0.0059048164,0.0502902926,0.2422049093,0.0319350828,0.0418288902,0.1849006146,0.444188341,
180611 S3B1R1D,D,Spruce,June,180710,0.0272,0.74,40,79.5,47.1,16.9,458.4,10.8,303.9,590.5,128.3,0.1286686903,0.3887747794,0.5174434697,3.0215181225,0.0168757748,0.0155593638,0.0042242233,0.0708986382,0.0039129949,0.046345309,0.3049923582,0.025012993,0.0483395665,0.1564384898,0.3253196526,
180611 P2B1R1D,D,Pine,June,180710,0.0228,0.7,40,77.9,48.2,20.7,407.8,9.3,348.4,732.3,155.2,0.1664641447,0.5440860526,0.7105501974,3.2684879587,0.0186609792,0.0179687697,0.005838898,0.0711771974,0.0038024967,0.0632661228,0.2543303267,0.0283023739,0.0398316319,0.1343525714,0.3406567509,
180611 S9B1R1,L,Spruce,June,180710,0.0264,0.71,40,82.9,63.5,22.8,552.9,11,423.6,807.6,174.3,0.1772922443,0.525613,0.7029052443,2.9646700115,0.0173957329,0.0207365384,0.005633608,0.0845340119,0.0039397604,0.0622397901,0.2766794574,0.0269691012,0.0383680467,0.1460842311,0.3549754324,
,,,,,,,,,,,,,,,,#DIV/0!,#DIV/0!,#DIV/0!,#DIV/0!,#DIV/0!,#DIV/0!,#DIV/0!,#DIV/0!,#DIV/0!,#DIV/0!,,,,#DIV/0!,#DIV/0!,
180611 P9B1R2,L,Pine,June,180709,0.0264,0.78,40,76.4,54.7,36.1,472,52.1,379.6,767.8,196.9,0.1745405114,0.548977,0.7235175114,3.1452698042,0.0176123705,0.0196239358,0.009799304,0.0792799091,0.0204998699,0.0772418563,0.3096777092,0.0479115443,0.0662202968,0.4278691113,0.6323981891,
180611 S3B1R2,L,Spruce,June,180709,0.0273,0.75,40,58.6,88.1,39.8,675.1,72.9,579.4,934.6,181.1,0.2477173764,0.6213549451,0.8690723214,2.5083220005,0.0125611676,0.029388853,0.0100456731,0.1054380082,0.0266715865,0.0660592102,0.2878523369,0.0492784272,0.0567023319,0.5412426503,0.7450980419,
180611 S9B1R2,L,Spruce,June,180709,0.0246,0.7,40,95.2,110.7,19.5,689.9,13.9,606.4,1003.7,195.2,0.2685353659,0.6911657724,0.9597011382,2.5738351824,0.0211365285,0.038248875,0.0050979421,0.1116039451,0.0052674502,0.0737494959,0.2658163324,0.0315019207,0.0328247196,0.1672104456,0.3290400089,
180611 P10B1R1,L,Pine,June,180709,0.0237,0.72,40,98.3,72.9,15.7,512.5,0,484.4,944.6,218,0.229016962,0.6944603544,0.9234773165,3.0323533606,0.0233008329,0.0268917949,0.0043820886,0.0885132911,0,0.0879340253,0.2501653574,0.0276829215,0.0299768289,0,0.1582957422,
180611 P10B1R1D,D,Pine,June,180709,0.0261,0.69,40,120,92.4,20.7,628.2,0,547.3,1045.8,217.2,0.2251714871,0.6690715862,0.8942430733,2.971386808,0.0247527586,0.0296611966,0.0050277802,0.0944141276,0,0.0762403207,0.2573083209,0.0297805388,0.0333025099,0,0.1688277102,
180611 S3B1R1,L,Spruce,June,180709,0.025,0.73,40,32.9,73.5,29.9,655.7,123.2,380.2,607.1,147.6,0.172772385,0.429001144,0.601773529,2.4830423218,0.0074957057,0.0260602335,0.0080214225,0.1088475114,0.0479089072,0.0572249628,0.4246759467,0.0634260354,0.1053985135,0.7553508098,0.8818197346,
180611 S9B1R2D,D,Spruce,June,180709,0.0247,0.72,40,86.2,83.4,18.6,612.7,10.6,531.5,906.6,167.8,0.2411116397,0.6395383968,0.8806500364,2.652457582,0.0196054397,0.0295195482,0.004981336,0.1015345603,0.0041149457,0.0649447142,0.2551530515,0.0287017215,0.0325915179,0.1433693012,0.3169246066,
180611 P2B1R2D,D,Pine,June,180709,0.0267,0.73,40,113,76.7,24.3,570.3,5.7,458.9,906.4,158.9,0.3856655618,0.5997176929,0.9853832547,1.5550200803,0.024105926,0.0254633228,0.0061040098,0.0886432028,0.1670907321,0.0576835269,0.3745656511,0.197300668,0.20022734,0.8468837629,0.8778213664,
180411 P2B1R2D,D,Pine,April,180709,0.0264,0.7,40,29.5,84.5,41.5,648.3,253.4,481,849.2,146.8,0.1984808239,0.5449033333,0.7433841572,2.7453701709,0.0061030919,0.0272056392,0.0101097301,0.097723858,0.0894794754,0.0516816629,0.379754471,0.1056922973,0.142177226,0.8466035617,0.9422560394,
180611 P9B1R1,L,Pine,June,180709,0.0251,0.73,40,94.5,69.6,18.8,479.3,6.6,437.8,864.2,158.5,0.1981546464,0.6082453068,0.8063999532,3.0695485459,0.0214444407,0.0245791291,0.0050234761,0.0792477675,0.0025563233,0.0612061011,0.2406463903,0.0290242401,0.0359923634,0.0880754602,0.2611541031,
180611 S3B1R2D,D,Spruce,June,180709,0.026,0.72,40,89.2,62.9,32.8,604.8,29.9,325.8,576.3,145.3,0.1404072692,0.3862096615,0.5266169308,2.7506386504,0.0192733754,0.0211503669,0.0083450769,0.0952141292,0.01102689,0.0534245746,0.3957989212,0.0386453423,0.0733841623,0.2853355499,0.5012755941,
,,,,,,,,,,,,,,,,#DIV/0!,#DIV/0!,#DIV/0!,#DIV/0!,#DIV/0!,#DIV/0!,#DIV/0!,#DIV/0!,#DIV/0!,#DIV/0!,,,,#DIV/0!,#DIV/0!,
,,,,,,,,,,,,,,,,#DIV/0!,#DIV/0!,#DIV/0!,#DIV/0!,#DIV/0!,#DIV/0!,#DIV/0!,#DIV/0!,#DIV/0!,#DIV/0!,,,,#DIV/0!,#DIV/0!,
,,,,,,,,,,,,,,,,#DIV/0!,#DIV/0!,#DIV/0!,#DIV/0!,#DIV/0!,#DIV/0!,#DIV/0!,#DIV/0!,#DIV/0!,#DIV/0!,,,,#DIV/0!,#DIV/0!,
180515 S3B1R2,L,Spruce,May,180713,0.024,0.75,40,72.9,42.2,24.6,428.4,11.3,192.9,417.9,123.1,0.0938126953,0.316036875,0.4098495703,3.3688071102,0.0177750703,0.0160129219,0.0070628906,0.0761079375,0.0047027422,0.0510768828,0.4214679185,0.0295407031,0.0720769406,0.1591953369,0.3982854695,
180314 S9B1R1,L,Spruce,March,180713,0.0262,0.72,40,17.2,78.5,13.5,681.1,310.6,372.7,813.6,141.3,0.1593932634,0.5410750534,0.7004683168,3.3945917289,0.0036880214,0.0261944313,0.0034084924,0.1064075771,0.113672487,0.051557242,0.4353205475,0.1207690008,0.1724117963,0.9412389463,0.9694621852,
180611 S9B1R1,L,Spruce,June,180713,0.0247,0.71,40,75.1,80.3,19.7,583.3,17.5,387.5,793.5,180.3,0.173345458,0.5519804453,0.7253259033,3.184279829,0.0168436074,0.0280275446,0.0052026544,0.0953199577,0.0066991878,0.0688134659,0.3045616001,0.0287454495,0.0396310808,0.2330521133,0.4140426507,
180611 S9B1R1D,D,Spruce,June,180713,0.0238,0.7,40,72.2,75,7.5,438.3,0,374.4,748,150,0.1713705882,0.5324,0.7037705882,3.1067174682,0.0165688382,0.0267849265,0.0020266544,0.0732863382,0,0.0585772059,0.251849063,0.0185954926,0.0264226624,0,0.1089863254,
,,,,,,,,,,,,,,,,#DIV/0!,#DIV/0!,#DIV/0!,#DIV/0!,#DIV/0!,#DIV/0!,#DIV/0!,#DIV/0!,#DIV/0!,#DIV/0!,,,,#DIV/0!,#DIV/0!,
170809 S3B1R2,L,Spruce,August,180720,0.0241,0.78,40,65.3,74.6,16.8,505.9,18.7,437.3,784.9,133.5,0.220260389,0.6147623402,0.8350227293,2.7910708005,0.0164901467,0.0293173357,0.0049955602,0.0930835008,0.0080601268,0.0573687168,0.2506702867,0.0295458336,0.0353832687,0.2728007905,0.4418791191,
170809 S3B2R2,L,Spruce,August,180720,0.0269,0.72,40,68.3,67.2,13.9,476.1,0,423.2,796.5,140.5,0.1762808922,0.5159188104,0.6921997026,2.9266859498,0.0142637822,0.0218402498,0.0034181599,0.0724450751,0,0.0499312974,0.2338899651,0.017681942,0.0255445675,0,0.1933135993,
180504 S9B1R1D,D,Spruce,May,180720,0.025,0.72,40,86.5,95.8,71.1,812.4,66.6,566.2,1012.2,187.4,0.25377084,0.705462912,0.959233752,2.7799210973,0.019437588,0.0335016432,0.01881306,0.1330126272,0.0255440304,0.0716602608,0.3148025275,0.0637946784,0.0665058733,0.4004100505,0.6953101969,
180504 P10B1R1D,D,Pine,May,180720,0.0249,0.74,40,105.2,63.3,63.3,584.7,42.7,328.3,651.1,179.6,0.15183875,0.4682690281,0.6201077781,3.0839889561,0.0243939365,0.0228425295,0.0172835693,0.0987861217,0.016899854,0.0708687896,0.4048889717,0.0585773598,0.0944631916,0.2885048774,0.5835603275,
180504 S3B1R2,L,Spruce,May,180720,0.023,0.72,40,67.6,46.4,36.5,484.7,51.9,259.6,557.6,142.9,0.1264703478,0.4224183652,0.548888713,3.3400585392,0.016511447,0.0176372452,0.0104977174,0.0862597409,0.0216368843,0.059395453,0.3861228748,0.0486460487,0.0886264329,0.444781949,0.660579895,
180504 P10B1R2,L,Pine,May,180720,0.0254,0.69,40,103.6,90.1,68.1,726.9,48.1,499.1,833.9,191.8,0.2109999286,0.5482071732,0.7592071019,2.5981391404,0.0219588154,0.0297199639,0.0169965133,0.1122588301,0.0174013586,0.0691799569,0.3523616118,0.0563566872,0.07423098,0.3087718499,0.6103600754,
180504 P10B1R1,L,Pine,May,180720,0.0233,0.76,40,93.3,62,54.1,565.7,34.5,316.1,589.9,193.9,0.1604580579,0.4656412361,0.626099294,2.901949843,0.0237450502,0.0245559914,0.0162125858,0.1048997176,0.0149864742,0.0839753438,0.4286463276,0.0549441103,0.0877562247,0.2727585207,0.567832656,
180504 S9B1R2,L,Spruce,May,180720,0.0232,0.75,40,61.1,52.9,37.7,531.7,87.8,313.4,616.6,132,0.1576709321,0.4823831897,0.6400541218,3.0594300623,0.0154116191,0.0207652452,0.0111972656,0.0977170636,0.0377998869,0.0566582974,0.3742642529,0.0644087716,0.1006301957,0.58687483,0.7607217355,
180504 S3B1R1D,D,Spruce,May,180720,0.0277,0.71,40,90.4,54.7,37.6,577.9,37.1,282.7,611.9,174.6,0.1127674481,0.379554722,0.4923221701,3.3658181364,0.0180792657,0.0170244864,0.0088544946,0.0842096269,0.0126641252,0.0594208868,0.406751712,0.0395978855,0.0804308395,0.3198182183,0.5434285066,
180504 S3B1R1,L,Spruce,May,180720,0.0262,0.73,40,91.2,57.7,36.9,559.1,43.9,305.1,619.3,153.4,0.1322949117,0.4175783893,0.549873301,3.156420635,0.0198266885,0.0195211543,0.0094459423,0.0885607998,0.016289539,0.0567496567,0.3826222881,0.0455621698,0.0828593964,0.3575233375,0.5648431886,
180504 S9B1R1,L,Spruce,May,180720,0.0248,0.7,40,57.4,68.9,45.8,637,113,432.6,811.3,154.1,0.1900256552,0.5541702419,0.7441958972,2.916291704,0.0126413085,0.0236142248,0.0118770665,0.1022153831,0.042476381,0.0577517712,0.3367072246,0.066994756,0.0900230118,0.6340254604,0.8113089858,
180504 S9B1R2D,D,Spruce,May,180720,0.0241,0.76,40,84.7,48.4,40.5,536.9,44.7,239.8,532.1,140.8,0.1176860788,0.4060739917,0.5237600705,3.4504845068,0.0208407689,0.0185331834,0.0117340768,0.0962543627,0.0187727017,0.0589543037,0.4297566954,0.0513475473,0.0980363915,0.3656007472,0.5941233813,
,,,,,,,,,,,,,,,,#DIV/0!,#DIV/0!,#DIV/0!,#DIV/0!,#DIV/0!,#DIV/0!,#DIV/0!,#DIV/0!,#DIV/0!,#DIV/0!,,,#DIV/0!,#DIV/0!,#DIV/0!,
180504 P10B1R2D,D,Pine,May,180720,0.0248,0.76,40,133.5,81,49.2,658.9,17.9,376.6,697,220.6,0.1796063105,0.5169041935,0.696510504,2.8779845884,0.0319210343,0.0301408185,0.013852379,0.1147920702,0.0073052931,0.0897601831,0.4131621513,0.0530787065,0.076206613,0.1376313334,0.3986094159,
170920 S9B1R1,L,Spruce,September,180720,0.023,0.75,40,62,82.6,28.2,552.3,32.1,388.9,770.7,155.2,0.1973561821,0.6081828261,0.8055390082,3.081650748,0.0157746196,0.0327055598,0.0084485054,0.1023856141,0.0139399484,0.0671956957,0.2984957159,0.0381630734,0.0473758229,0.3652732115,0.5866522748,
180129 S3B1R1D,D,Spruce,January,180720,0.0274,0.71,40,35.4,72.6,62.7,734.1,249,364.3,997.3,180.5,0.1469082961,0.6253871752,0.7722954713,4.2569901897,0.0071572276,0.0228429673,0.014927005,0.1081417714,0.0859270374,0.0621013873,0.3898733156,0.10801127,0.1398574432,0.795537701,0.9337362892,
171011 S3B3EX1D,D,Spruce,October,180720,0.0267,0.73,40,90.3,84.7,9.9,513.2,0,482.1,931.8,182.8,0.2051294874,0.6165235506,0.8216530379,3.0055335218,0.0192634081,0.0281192104,0.0024868188,0.0797680022,0,0.0663596521,0.2385399708,0.021750227,0.0264713035,0,0.1143353044,
170920 S9B1R1,L,Spruce,September,180720,0.0258,0.74,40,80.6,98.2,23.6,627.1,19.2,433.2,825,168.9,0.1933658721,0.5726395349,0.766005407,2.9614302084,0.0180376864,0.0342004337,0.0062190116,0.1022537593,0.0073339163,0.064321768,0.3033484794,0.0315906143,0.0412407198,0.2321549116,0.4290175481,
171011 S3B1R1D,D,Spruce,October,180720,0.0253,0.73,40,66.8,65.6,13.3,461.7,10.4,318.6,605.6,141.8,0.1430630484,0.4228667826,0.565929831,2.9558071583,0.0150387791,0.0229834008,0.0035257485,0.0757343117,0.0039963028,0.0543243927,0.310291004,0.0225608303,0.0398650665,0.1771345605,0.3334119876,
170920 S3B2R1D,D,Spruce,September,180720,0.025,0.74,40,59.6,84.1,29,564.7,25.4,397.8,772.8,165.9,0.18324657,0.553572096,0.736818666,3.0209138212,0.0137648584,0.0302270538,0.00788655,0.0950254572,0.0100126292,0.0652010226,0.3014548646,0.0316640376,0.0429739895,0.3162145437,0.5652841696,
180504 S3B1R2D,D,Spruce,May,180720,0.0246,0.74,40,75.4,46.3,32.2,503.5,33.1,240.9,534.7,137.6,0.1127749848,0.3892442114,0.5020191961,3.451511984,0.017697085,0.0169116396,0.0088991768,0.0861046402,0.0132601157,0.0549580553,0.3940700159,0.0398563774,0.0793921383,0.3326974628,0.5559785887,
171108 S9B2R1D,L,Spruce,November,180531,0.0226,0.73,40,14.1,30.5,27,496.3,213.7,205.2,560.1,114,0.1031504535,0.4378197611,0.5409702146,4.2444773245,0.0035535899,0.0119625116,0.0080126383,0.0911358325,0.0919266955,0.04889175,0.4722681784,0.1034929237,0.1913098372,0.8882413618,0.9656634501,Should be deleted
