Instructions,,,,,,,,,,,,,,,,,,,,,,,,,,,,,,,,,,,,,,,,,,,,,,,,,,,,,,,,,,,,,,,,,,,,,,,,,,,,,,,,,,,,,,,,,,,,,,,,,,,,,,,,,,,,,,,,,,,,,,,,,,,,,
Sample Information,,,,,,,,Chromatogram Peak Areas,,,,,,,,Chlorophylls,,,,Carotenoids,,,,,,,,,,,,,,,,,,,,,,,,,,,,,,,,,,,,,,,,,,,,,,,,,,,,,,,,,,,,,,,,,,,,,,,,,,,,,,,,,,,,,,,,,,,,,,,,,,,,,,,,,
"Sample
ID",Treatment,Tree Species,Month,Extraction Date,"Leaf Weight
(g)","Extraction
Volume
(ml)","HPLC 
Injection Volume
(µl)","Violaxanthin
HPLC Peak Area
(mAU*sec)","Neoxanthin
HPLC Peak Area
(mAU*sec)","Antheraxanthin
HPLC Peak Area
(mAU*sec)","Lutein
HPLC Peak Area
(mAU*sec)","Zeaxanthin
HPLC Peak Area
(mAU*sec)","Chlorophyll B
HPLC Peak Area
(mAU*sec)","Chlorophyll A
HPLC Peak Area
(mAU*sec)","Beta Carotene
HPLC Peak Area
(mAU*sec)","Chlorophyll B
Concentration
(µmol/g)","Chlorophyll A
Concentration
(µmol/g)","Chlorophyll Pool
(µmol/g)","Chlorophyll 
a/b 
Ratio","Violaxanthin
Concentration
(µmol/g)","Neoxanthin
Concentration
(µmol/g)","Antheraxanthin
Concentration
(µmol/g)","Lutein
Concentration
(µmol/g)","Zeaxanthin
Concentration
(µmol/g)","Beta Carotene
Concentration
(µmol/g)","Total Carotenoids/ChlA+ChlB
(mol/mol)","V+A+Z
(µmol/g)","V+A+Z /ChlA+ChlB
(mol/mol)",Z/V+A+Z,Z+A/V+A+Z,Notes,,,,,,,,,,,,,,,,,,,,,,,,,,,,,,,,,,,,,,,,,,,,,,,,,,,,,,,,,,,,,,,,,,,,,,,,,,,,,,,,,,,,,,,,,,,,,,
170711 P10B1EXD,D,Pine,July,180117,0.0248,0.69,40,37.8,89.2,19.9,646.7,46.6,510.6,895.8,211.8,0.240308846,0.655595565,0.89590441,2.728137462,0.00891939,0.032755373,0.005529171,0.111184158,0.018768009,0.0850456,0.29266705,0.03321657,0.03707602,0.565019478,0.73147769,,,,,,,,,,,,,,,,,,,,,,,,,,,,,,,,,,,,,,,,,,,,,,,,,,,,,,,,,,,,,,,,,,,,,,,,,,,,,,,,,,,,,,,,,,,,,,,
170711 P10B1R2D,D,Pine,July,180117,0.0285,0.66,40,95.4,143.2,22.4,752.4,0,567.4,1140.9,263.3,0.204487974,0.639384379,0.843872353,3.12675786,0.017237776,0.040267086,0.004765895,0.09905544,0,0.080959207,0.287111437,0.022003671,0.026074643,0,0.216595442,,,,,,,,,,,,,,,,,,,,,,,,,,,,,,,,,,,,,,,,,,,,,,,,,,,,,,,,,,,,,,,,,,,,,,,,,,,,,,,,,,,,,,,,,,,,,,,
170711 P10B1R2D,D,Pine,July,180117,0.0269,0.68,40,45.6,92.4,10.9,610.6,0,485.5,924,223,0.193805193,0.573566989,0.767372182,2.959502686,0.009126314,0.028779079,0.002568743,0.08903978,0,0.075948287,0.267747788,0.011695058,0.015240398,0,0.219643471,,,,,,,,,,,,,,,,,,,,,,,,,,,,,,,,,,,,,,,,,,,,,,,,,,,,,,,,,,,,,,,,,,,,,,,,,,,,,,,,,,,,,,,,,,,,,,,
170711 P2B1EX2D,D,Pine,July,180117,0.0257,0.70,40,44.9,73,15.5,501.5,6.2,379.7,768.6,200.9,0.170144752,0.535567658,0.70571241,3.147717761,0.010087388,0.025522874,0.004100413,0.082091842,0.002377459,0.076805946,0.284798622,0.01656526,0.023473103,0.143520764,0.391051647,,,,,,,,,,,,,,,,,,,,,,,,,,,,,,,,,,,,,,,,,,,,,,,,,,,,,,,,,,,,,,,,,,,,,,,,,,,,,,,,,,,,,,,,,,,,,,,
170711 P2B1EXD,D,Pine,July,180117,0.0271,0.71,40,72.8,121,17.8,672.4,0,526,1061.38,274.5,0.226546356,0.710850443,0.937396799,3.137770367,0.015720166,0.040661693,0.004525946,0.105791347,0,0.100867355,0.285435694,0.020246112,0.02159823,0,0.22354641,,,,,,,,,,,,,,,,,,,,,,,,,,,,,,,,,,,,,,,,,,,,,,,,,,,,,,,,,,,,,,,,,,,,,,,,,,,,,,,,,,,,,,,,,,,,,,,
170711 P9B1EX1D,D,Pine,July,180116,0.0243,0.75,40,83.2,88.3,29.5,548.2,11.4752,474.7,994.5,276.7,0.228009838,0.742805556,0.970815394,3.257778534,0.020036049,0.03309206,0.008365162,0.096188796,0.004716697,0.113391489,0.284081047,0.033117908,0.034113497,0.142421338,0.395008608,,,,,,,,,,,,,,,,,,,,,,,,,,,,,,,,,,,,,,,,,,,,,,,,,,,,,,,,,,,,,,,,,,,,,,,,,,,,,,,,,,,,,,,,,,,,,,,
170711 P9B1EX1D,D,Pine,July,180117,0.0277,0.69,40,75.6,118.7,31.1,668.8,16.1,662.5,1277,306.4,0.282877933,0.847891119,1.130769052,2.997374555,0.016184131,0.039545098,0.007839558,0.104318313,0.005882777,0.111619197,0.252384936,0.029906466,0.0264479,0.196705862,0.458841738,,,,,,,,,,,,,,,,,,,,,,,,,,,,,,,,,,,,,,,,,,,,,,,,,,,,,,,,,,,,,,,,,,,,,,,,,,,,,,,,,,,,,,,,,,,,,,,
170711 P9B2EX2D,D,Pine,July,180117,0.0250,0.74,40,83.4,91,26.9,588,0,539,1093.5,294.7,0.24829035,0.78329592,1.03158627,3.154757807,0.019261564,0.032707038,0.007315455,0.098946288,0,0.115821226,0.265660351,0.026577019,0.025763254,0,0.275254915,,,,,,,,,,,,,,,,,,,,,,,,,,,,,,,,,,,,,,,,,,,,,,,,,,,,,,,,,,,,,,,,,,,,,,,,,,,,,,,,,,,,,,,,,,,,,,,
,,,,,,,,,,,,,,,,,,,,,,,,,,,,,,,,,,,,,,,,,,,,,,,,,,,,,,,,,,,,,,,,,,,,,,,,,,,,,,,,,,,,,,,,,,,,,,,,,,,,,,,,,,,,,,,,,,,,,,,,,,,,,
170710 P10B1R1,L,Pine,July,180116,0.0241,0.76,40,59.3,76.3,29.5,537.6,13.4,503.9,996.5,261.8,0.247297811,0.76048249,1.007780301,3.075168704,0.014590999,0.029216568,0.008547044,0.096379857,0.005627611,0.109618159,0.261942247,0.028765653,0.028543576,0.195636468,0.492763168,,,,,,,,,,,,,,,,,,,,,,,,,,,,,,,,,,,,,,,,,,,,,,,,,,,,,,,,,,,,,,,,,,,,,,,,,,,,,,,,,,,,,,,,,,,,,,,
170710 P2B1R1,L,Pine,July,180116,0.0243,0.75,40,47.2,78.6,21.1,483.5,47.2,399.8,896,259.4,0.192033565,0.669234568,0.861268133,3.484987474,0.011366605,0.029456806,0.005983218,0.084836343,0.019400802,0.10630196,0.298798624,0.036750625,0.042670364,0.527904014,0.690709888,,,,,,,,,,,,,,,,,,,,,,,,,,,,,,,,,,,,,,,,,,,,,,,,,,,,,,,,,,,,,,,,,,,,,,,,,,,,,,,,,,,,,,,,,,,,,,,
170710 P2B1R2,L,Pine,July,180116,0.0253,0.77,40,23.2,52.5,26.2,432.4,98,230.2,478.1,179,0.109032228,0.352131043,0.461163272,3.229605128,0.005509243,0.019401603,0.007326033,0.0748146,0.039720891,0.072333511,0.475115637,0.052556167,0.113964339,0.755779831,0.895174177,,,,,,,,,,,,,,,,,,,,,,,,,,,,,,,,,,,,,,,,,,,,,,,,,,,,,,,,,,,,,,,,,,,,,,,,,,,,,,,,,,,,,,,,,,,,,,,
170710 P2B1R3,L,Pine,July,180116,0.0245,0.76,40,39.9,64.9,27.3,478.5,30.2,287.2,565.3,174.2,0.138647265,0.424367249,0.563014514,3.060768981,0.009657266,0.024445578,0.0077805,0.084383963,0.012476051,0.071748358,0.373865525,0.029913817,0.05313152,0.417066514,0.677163711,,,,,,,,,,,,,,,,,,,,,,,,,,,,,,,,,,,,,,,,,,,,,,,,,,,,,,,,,,,,,,,,,,,,,,,,,,,,,,,,,,,,,,,,,,,,,,,
170710 P9B2R1,L,Pine,July,180116,0.0271,0.76,40,76.8,77.8,43.9,537.3,38.6,400.1,947,281.7,0.17461929,0.642701993,0.817321282,3.680589893,0.01680503,0.026493053,0.011311135,0.085662671,0.014416317,0.10489323,0.31760024,0.042532482,0.052038877,0.338948401,0.604889495,,,,,,,,,,,,,,,,,,,,,,,,,,,,,,,,,,,,,,,,,,,,,,,,,,,,,,,,,,,,,,,,,,,,,,,,,,,,,,,,,,,,,,,,,,,,,,,
170710 P9B2R2,L,Pine,July,180116,0.0216,0.75,40,75.9,83.2,26.9,550.5,18.963,435.9,879.5,223,0.235544922,0.739024306,0.974569227,3.137508971,0.020562839,0.035078333,0.00858138,0.108666406,0.008768741,0.10280842,0.291889085,0.03791296,0.038902275,0.231286119,0.45763036,,,,,,,,,,,,,,,,,,,,,,,,,,,,,,,,,,,,,,,,,,,,,,,,,,,,,,,,,,,,,,,,,,,,,,,,,,,,,,,,,,,,,,,,,,,,,,,
170710 P9B2R3,L,Pine,July,180116,0.0253,0.74,40,65.1,63.7,37,466.7,20.7,359.4,788.6,229.2,0.163594476,0.558191652,0.721786128,3.412044617,0.014856824,0.022623445,0.009942836,0.077603171,0.008063141,0.089010681,0.307709013,0.0328628,0.045529831,0.245357694,0.547913649,,,,,,,,,,,,,,,,,,,,,,,,,,,,,,,,,,,,,,,,,,,,,,,,,,,,,,,,,,,,,,,,,,,,,,,,,,,,,,,,,,,,,,,,,,,,,,,
170711 P10B1R2,L,Pine,July,180117,0.0229,0.73,40,61.8,101.6,12,519.8,9.8,463.4,860.5,169.9,0.229891425,0.663825022,0.893716447,2.887558867,0.015371266,0.039326853,0.00351452,0.094200698,0.00416041,0.071911288,0.25565719,0.023046196,0.025786921,0.180524818,0.333023725,,,,,,,,,,,,,,,,,,,,,,,,,,,,,,,,,,,,,,,,,,,,,,,,,,,,,,,,,,,,,,,,,,,,,,,,,,,,,,,,,,,,,,,,,,,,,,,
170711 P10B1R3,L,Pine,July,180117,0.0276,0.73,40,63.1,81,24.8,614,13.5,424.7,896,269.4,0.167629552,0.549936232,0.717565784,3.280663979,0.012486827,0.024944918,0.005778804,0.088529457,0.004559796,0.090719962,0.316374846,0.022825428,0.031809526,0.199768271,0.452942252,,,,,,,,,,,,,,,,,,,,,,,,,,,,,,,,,,,,,,,,,,,,,,,,,,,,,,,,,,,,,,,,,,,,,,,,,,,,,,,,,,,,,,,,,,,,,,,
,,,,,,,,,,,,,,,,,,,,,,,,,,,,,,,,,,,,,,,,,,,,,,,,,,,,,,,,,,,,,,,,,,,,,,,,,,,,,,,,,,,,,,,,,,,,,,,,,,,,,,,,,,,,,,,,,,,,,,,,,,,,,
170711 S3B1EX1D,D,Spruce,July,180117,0.0271,0.72,40,71.6,103.03,16.2,618.3,22.09,483.276,877,191.7,0.199819468,0.56386893,0.763688398,2.82189186,0.014842601,0.03323801,0.003954354,0.093388397,0.007815947,0.06762412,0.289206214,0.026612902,0.034847855,0.293690154,0.442278015,,,,,,,,,,,,,,,,,,,,,,,,,,,,,,,,,,,,,,,,,,,,,,,,,,,,,,,,,,,,,,,,,,,,,,,,,,,,,,,,,,,,,,,,,,,,,,,
170711 S3B1R1D,D,Spruce,July,180117,0.0264,0.76,40,49.7,64.8,23.4,525.7,10.3,305.8,653.2,165.9,0.137001875,0.455062667,0.592064542,3.321579845,0.011163486,0.022651282,0.006189034,0.086035584,0.003948841,0.063412133,0.326654184,0.021301361,0.035978106,0.185379732,0.475926154,,,,,,,,,,,,,,,,,,,,,,,,,,,,,,,,,,,,,,,,,,,,,,,,,,,,,,,,,,,,,,,,,,,,,,,,,,,,,,,,,,,,,,,,,,,,,,,
170711 S3B2EX1D,D,Spruce,July,180117,0.0259,0.72,40,56.6,85.3,22.2,586,11.1,440.2,827.8,186.4,0.190441737,0.556895259,0.747336996,2.924229038,0.012276737,0.028793196,0.00567,0.092610625,0.0041094,0.068801032,0.284023126,0.022056137,0.029512973,0.186315494,0.443386806,,,,,,,,,,,,,,,,,,,,,,,,,,,,,,,,,,,,,,,,,,,,,,,,,,,,,,,,,,,,,,,,,,,,,,,,,,,,,,,,,,,,,,,,,,,,,,,
170711 S3B2R1D,D,Spruce,July,180117,0.0261,0.70,40,31.9,66.4,16.9,543.3,15.1,423.3,779.1,179.6,0.176679095,0.505668736,0.68234783,2.862074521,0.006675472,0.021623885,0.004164296,0.082837638,0.005393332,0.063955835,0.270610458,0.016233101,0.023790067,0.332242898,0.588774049,,,,,,,,,,,,,,,,,,,,,,,,,,,,,,,,,,,,,,,,,,,,,,,,,,,,,,,,,,,,,,,,,,,,,,,,,,,,,,,,,,,,,,,,,,,,,,,
170711 S3B3EX1D,D,Spruce,July,180117,0.0255,0.68,40,48.5,86.1,17.5,483.4,19.5,456.4,852.2,184.7,0.189406,0.549953067,0.739359067,2.903567293,0.010091233,0.02787918,0.0042875,0.07328344,0.0069251,0.065396113,0.254088406,0.021303833,0.02881392,0.325063564,0.526318425,,,,,,,,,,,,,,,,,,,,,,,,,,,,,,,,,,,,,,,,,,,,,,,,,,,,,,,,,,,,,,,,,,,,,,,,,,,,,,,,,,,,,,,,,,,,,,,
170711 S3B3R1D,D,Spruce,July,180117,0.0285,0.75,40,41,83.6,13.7,572.7,15.3,459.5,898.8,206.7,0.180656053,0.549497937,0.730153989,3.041680192,0.008081747,0.02564496,0.003179842,0.082251777,0.005147564,0.069333707,0.26520378,0.016409154,0.022473552,0.313700774,0.507485424,,,,,,,,,,,,,,,,,,,,,,,,,,,,,,,,,,,,,,,,,,,,,,,,,,,,,,,,,,,,,,,,,,,,,,,,,,,,,,,,,,,,,,,,,,,,,,,
170711 S9B1R1D,D,Spruce,July,180117,0.0268,0.72,40,47.1,99,22.1,566.2,19.6,453.7,908.6,190.5,0.194959799,0.607134657,0.802094456,3.114153064,0.010147326,0.033192521,0.005606432,0.088878611,0.007207351,0.069840641,0.267889748,0.022961109,0.028626441,0.313893871,0.558064648,,,,,,,,,,,,,,,,,,,,,,,,,,,,,,,,,,,,,,,,,,,,,,,,,,,,,,,,,,,,,,,,,,,,,,,,,,,,,,,,,,,,,,,,,,,,,,,
170711 S9B2EX1D,D,Spruce,July,180117,0.0262,0.70,40,44.9,87,18.6,569,23,468.5,468.5,930.7,0.192015708,0.298588282,0.490603991,1.55502008,0.009226307,0.027821156,0.004500472,0.085190376,0.008066745,0.325442167,0.938123685,0.021793525,0.044421826,0.370144126,0.576649148,,,,,,,,,,,,,,,,,,,,,,,,,,,,,,,,,,,,,,,,,,,,,,,,,,,,,,,,,,,,,,,,,,,,,,,,,,,,,,,,,,,,,,,,,,,,,,,
170711 S9B2R1D,D,Spruce,July,180117,0.0231,0.75,40,62.4,77.6,12.8,479.1,0,397.6,807,217.9,0.200897727,0.634071429,0.834969156,3.156190153,0.015807662,0.030592792,0.003818182,0.088431282,0,0.093934002,0.278553907,0.019625844,0.023504873,0,0.194548667,,,,,,,,,,,,,,,,,,,,,,,,,,,,,,,,,,,,,,,,,,,,,,,,,,,,,,,,,,,,,,,,,,,,,,,,,,,,,,,,,,,,,,,,,,,,,,,
170711 S9B3R1D,D,Spruce,July,180116,0.0254,0.74,40,57.9,82.2,16.4,555,22.5,442,845.5,187.9,0.200400886,0.596110787,0.796511673,2.974591579,0.01316165,0.029078897,0.004389744,0.091922421,0.008729779,0.072684381,0.276162772,0.026281173,0.032995339,0.33216853,0.499198522,,,,,,,,,,,,,,,,,,,,,,,,,,,,,,,,,,,,,,,,,,,,,,,,,,,,,,,,,,,,,,,,,,,,,,,,,,,,,,,,,,,,,,,,,,,,,,,
 ,,,,,,,,,,,,,,,,,,,,,,,,,,,,,,,,,,,,,,,,,,,,,,,,,,,,,,,,,,,,,,,,,,,,,,,,,,,,,,,,,,,,,,,,,,,,,,,,,,,,,,,,,,,,,,,,,,,,,,,,,,,,,
170709 S3B1R2,L,Spruce,July,180116,0.0255,0.78,40,64.5,94.2,14.8,582.5,12.6,539.6,966,194.2,0.256865471,0.715067294,0.971932765,2.783820233,0.015393874,0.034987542,0.004159235,0.101293324,0.005132721,0.078871474,0.246764158,0.02468583,0.025398701,0.207921758,0.376408509,,,,,,,,,,,,,,,,,,,,,,,,,,,,,,,,,,,,,,,,,,,,,,,,,,,,,,,,,,,,,,,,,,,,,,,,,,,,,,,,,,,,,,,,,,,,,,,
170711 S3B1R1,L,Spruce,July,180117,0.0247,0.69,40,33.3,75.9,23.6,519.7,58.4,372.3,687.4,161.3,0.166545843,0.478174364,0.644720207,2.871127594,0.007468604,0.026491789,0.006232621,0.084926765,0.022356147,0.061561908,0.324230311,0.036057372,0.055927162,0.62001598,0.792868886,,,,,,,,,,,,,,,,,,,,,,,,,,,,,,,,,,,,,,,,,,,,,,,,,,,,,,,,,,,,,,,,,,,,,,,,,,,,,,,,,,,,,,,,,,,,,,,
170711 S3B2R1,L,Spruce,July,180117,0.0256,0.69,40,42.6,75.8,15.1,541.4,23,449.7,834,192.3,0.185896494,0.536105625,0.722002119,2.883893144,0.008829016,0.024448165,0.003685049,0.08175563,0.00813616,0.067821055,0.269632276,0.020650225,0.028601336,0.393998613,0.572449393,,,,,,,,,,,,,,,,,,,,,,,,,,,,,,,,,,,,,,,,,,,,,,,,,,,,,,,,,,,,,,,,,,,,,,,,,,,,,,,,,,,,,,,,,,,,,,,
170711 S3B3R1,L,Spruce,July,180116,0.0285,0.77,40,46,65.1,21.4,442,21.3,345.6,704.1,172.4,0.145311158,0.460357874,0.605669032,3.168083445,0.009697002,0.02135674,0.005311987,0.067888874,0.007663871,0.061844266,0.286893881,0.022672859,0.037434404,0.338019597,0.572307948,,,,,,,,,,,,,,,,,,,,,,,,,,,,,,,,,,,,,,,,,,,,,,,,,,,,,,,,,,,,,,,,,,,,,,,,,,,,,,,,,,,,,,,,,,,,,,,
170711 S9B1R1,L,Spruce,July,180117,0.0216,0.72,40,19.3,58.4,30.5,545,55.3,352.7,727.8,171.7,0.182963125,0.587092,0.770055125,3.208799587,0.005019608,0.0236374,0.009340625,0.1032775,0.024548592,0.075991558,0.314023341,0.038908825,0.050527324,0.63092606,0.870990493,,,,,,,,,,,,,,,,,,,,,,,,,,,,,,,,,,,,,,,,,,,,,,,,,,,,,,,,,,,,,,,,,,,,,,,,,,,,,,,,,,,,,,,,,,,,,,,
170711 S9B2R1,L,Spruce,July,180117,0.0262,0.71,40,64,86.3,37.6,553.5,50,411.5,939.4,273.6,0.173542665,0.616059954,0.789602619,3.549904893,0.013532275,0.028397229,0.009361431,0.085271745,0.018044704,0.098444047,0.320479474,0.04093841,0.051846852,0.440776866,0.669447966,,,,,,,,,,,,,,,,,,,,,,,,,,,,,,,,,,,,,,,,,,,,,,,,,,,,,,,,,,,,,,,,,,,,,,,,,,,,,,,,,,,,,,,,,,,,,,,
170711 S9B3R1,L,Spruce,July,180117,0.0245,0.68,40,39.6,80.5,9.9,539.2,15.8,470,909.6,183.5,0.223909439,0.673846531,0.897755969,3.009460138,0.009458541,0.029922589,0.002784375,0.093837306,0.006441321,0.074584324,0.24174549,0.018684237,0.020812156,0.344746288,0.493768962,,,,,,,,,,,,,,,,,,,,,,,,,,,,,,,,,,,,,,,,,,,,,,,,,,,,,,,,,,,,,,,,,,,,,,,,,,,,,,,,,,,,,,,,,,,,,,,
,,,,,,,,,,,,,,,,,,,,,,,,,,,,,,,,,,,,,,,,,,,,,,,,,,,,,,,,,,,,,,,,,,,,,,,,,,,,,,,,,,,,,,,,,,,,,,,,,,,,,,,,,,,,,,,,,,,,,,,,,,,,,
170808 P2B1R4D,D,Pine,August,171026,0.0265,0.73,40,106.465,53.285,48.373,443.93,18.066,282.422,653.931,171.681,0.121075111,0.435937549,0.55701266,3.600554617,0.022883246,0.01782338,0.012242704,0.069521951,0.006627683,0.062793621,0.344503094,0.041753632,0.074959934,0.158733076,0.451945992,,,,,,,,,,,,,,,,,,,,,,,,,,,,,,,,,,,,,,,,,,,,,,,,,,,,,,,,,,,,,,,,,,,,,,,,,,,,,,,,,,,,,,,,,,,,,,,
170808 P2B1R5D,D,Pine,August,171026,0.0231,0.76,40,132.238,69.689,32.326,498.164,0,384.765,824.779,209.941,0.197004677,0.656681185,0.853685862,3.333327893,0.033946239,0.027840303,0.009771268,0.093176077,0,0.091709681,0.300395707,0.043717507,0.051210298,0,0.223509273,,,,,,,,,,,,,,,,,,,,,,,,,,,,,,,,,,,,,,,,,,,,,,,,,,,,,,,,,,,,,,,,,,,,,,,,,,,,,,,,,,,,,,,,,,,,,,,
170808 P9B2R4D,D,Pine,August,171103,0.0253,0.70,40,103.5,109.5,14.8,546.5,0,437.5,847.5,165.1,0.188380064,0.567456522,0.755836586,3.012296041,0.022343523,0.036787456,0.003762154,0.085960346,0,0.06065141,0.277182783,0.026105677,0.034538784,0,0.144112492,,,,,,,,,,,,,,,,,,,,,,,,,,,,,,,,,,,,,,,,,,,,,,,,,,,,,,,,,,,,,,,,,,,,,,,,,,,,,,,,,,,,,,,,,,,,,,,
170808 P9B2R5D,D,Pine,August,171103,0.0238,0.72,40,38.9,103.1,35.3,500.3,96.6,391.6,775.2,151.9,0.184364622,0.567524571,0.751889193,3.078272641,0.009182034,0.037872355,0.009811324,0.086043192,0.038918435,0.061014018,0.322974928,0.057911793,0.077021713,0.672029531,0.841447934,,,,,,,,,,,,,,,,,,,,,,,,,,,,,,,,,,,,,,,,,,,,,,,,,,,,,,,,,,,,,,,,,,,,,,,,,,,,,,,,,,,,,,,,,,,,,,,
170809 P10B1R4D,D,Pine,August,171026,0.0249,0.73,40,133.544,71.282,28.196,486.832,0,380.77,738.983,178.261,0.173726313,0.524292116,0.698018428,3.017920015,0.030547922,0.025375318,0.007594661,0.081139644,0,0.069389884,0.306650112,0.038142582,0.054644091,0,0.199112385,,,,,,,,,,,,,,,,,,,,,,,,,,,,,,,,,,,,,,,,,,,,,,,,,,,,,,,,,,,,,,,,,,,,,,,,,,,,,,,,,,,,,,,,,,,,,,,
170809 P10B1R5D,D,Pine,August,171026,0.0241,0.77,40,99.612,67.441,35.762,507.278,11.339,482.817,857.243,189.685,0.240068733,0.662816019,0.902884752,2.760942715,0.024832424,0.0261641,0.010497668,0.092140418,0.004824709,0.080467958,0.264626551,0.040154801,0.044473895,0.120152735,0.381582691,,,,,,,,,,,,,,,,,,,,,,,,,,,,,,,,,,,,,,,,,,,,,,,,,,,,,,,,,,,,,,,,,,,,,,,,,,,,,,,,,,,,,,,,,,,,,,,
,,,,,,,,,,,,,,,,,,,,,,,,,,,,,,,,,,,,,,,,,,,,,,,,,,,,,,,,,,,,,,,,,,,,,,,,,,,,,,,,,,,,,,,,,,,,,,,,,,,,,,,,,,,,,,,,,,,,,,,,,,,,,
170808 P2B1R4,L,Pine,August,171026,0.0243,0.75,40,105.867,68.289,27.536,471.667,0,441.714,940.908,221.158,0.212165868,0.702776963,0.914942831,3.312394069,0.025494669,0.025592567,0.007808241,0.082760089,0,0.090630412,0.253880319,0.033302909,0.036398897,0,0.234461219,,,,,,,,,,,,,,,,,,,,,,,,,,,,,,,,,,,,,,,,,,,,,,,,,,,,,,,,,,,,,,,,,,,,,,,,,,,,,,,,,,,,,,,,,,,,,,,
170808 P2B1R5,L,Pine,August,171026,0.0245,0.77,40,97.442,69.914,25.674,482.089,0,475.967,931.599,198.31,0.232798859,0.708547582,0.941346442,3.043604182,0.023894866,0.026680681,0.007413368,0.08613553,0,0.082753347,0.241014127,0.031308234,0.033258992,0,0.236786512,,,,,,,,,,,,,,,,,,,,,,,,,,,,,,,,,,,,,,,,,,,,,,,,,,,,,,,,,,,,,,,,,,,,,,,,,,,,,,,,,,,,,,,,,,,,,,,
170808 P9B2R5,L,Pine,August,171026,0.0227,0.76,40,126.828,79.041,29.834,483.209,0,443.015,852.846,205.875,0.230826428,0.690993112,0.921819539,2.993561517,0.033131161,0.032132778,0.009176912,0.091971489,0,0.09151824,0.279805937,0.042308073,0.045896264,0,0.216906879,,,,,,,,,,,,,,,,,,,,,,,,,,,,,,,,,,,,,,,,,,,,,,,,,,,,,,,,,,,,,,,,,,,,,,,,,,,,,,,,,,,,,,,,,,,,,,,
170809 P10B1R4,L,Pine,August,171026,0.0235,0.75,40,99.008,69.15,16.403,468.307,0,441.156,834.02,174.681,0.219111391,0.644147362,0.863258753,2.939816862,0.024654572,0.026797464,0.004809656,0.084967829,0,0.074021074,0.249346553,0.029464228,0.034131398,0,0.163237137,,,,,,,,,,,,,,,,,,,,,,,,,,,,,,,,,,,,,,,,,,,,,,,,,,,,,,,,,,,,,,,,,,,,,,,,,,,,,,,,,,,,,,,,,,,,,,,
170809 P10B1R5,L,Pine,August,171026,0.0254,0.76,40,114.745,83.011,14.757,577.146,0,571.651,988.031,196.469,0.266189063,0.715427801,0.981616864,2.687667904,0.02678844,0.030159465,0.004056723,0.098173898,0,0.078053112,0.24167437,0.030845163,0.031422812,0,0.131518923,,,,,,,,,,,,,,,,,,,,,,,,,,,,,,,,,,,,,,,,,,,,,,,,,,,,,,,,,,,,,,,,,,,,,,,,,,,,,,,,,,,,,,,,,,,,,,,
,,,,,,,,,,,,,,,,,,,,,,,,,,,,,,,,,,,,,,,,,,,,,,,,,,,,,,,,,,,,,,,,,,,,,,,,,,,,,,,,,,,,,,,,,,,,,,,,,,,,,,,,,,,,,,,,,,,,,,,,,,,,,
170809 S3B1R2D,D,Spruce,August,171103,0.0274,0.71,40,82.2,114.2,17.9,559.6,10.7,449.5,840.4,171.6,0.181266207,0.526998277,0.708264484,2.907316742,0.016619325,0.035932051,0.004261458,0.08243582,0.003692447,0.059039324,0.285176553,0.02457323,0.034694991,0.150262992,0.323681694,,,,,,,,,,,,,,,,,,,,,,,,,,,,,,,,,,,,,,,,,,,,,,,,,,,,,,,,,,,,,,,,,,,,,,,,,,,,,,,,,,,,,,,,,,,,,,,
170809 S3B2R2D,D,Spruce,August,171103,0.0268,0.74,40,76.9,96.1,12.1,490.4,0,394.1,781.2,171,0.169349035,0.522004836,0.69135387,3.082419911,0.016567502,0.032220214,0.003069585,0.076979991,0,0.062691599,0.277034526,0.019637087,0.028403815,0,0.156315692,,,,,,,,,,,,,,,,,,,,,,,,,,,,,,,,,,,,,,,,,,,,,,,,,,,,,,,,,,,,,,,,,,,,,,,,,,,,,,,,,,,,,,,,,,,,,,,
170809 S9B1R2D,D,Spruce,August,171103,0.0266,0.72,40,101.5,129.4,19.4,633.1,14.9,533.3,1068.7,174.7,0.224647613,0.700038677,0.924686289,3.116163435,0.021436342,0.042529791,0.004824474,0.097421238,0.005371058,0.062785604,0.253457317,0.031631874,0.034208222,0.169798917,0.322318295,,,,,,,,,,,,,,,,,,,,,,,,,,,,,,,,,,,,,,,,,,,,,,,,,,,,,,,,,,,,,,,,,,,,,,,,,,,,,,,,,,,,,,,,,,,,,,,
170809 S9B2R2D,D,Spruce,August,171103,0.0251,0.73,40,90.3,97.9,17.1,552.6,15.3,370.3,158.1,180.7,0.167603165,0.111274685,0.27887785,0.663917566,0.020491354,0.034573229,0.004569226,0.091367236,0.005926022,0.069778817,0.812921802,0.030986602,0.111111737,0.19124466,0.338702763,,,,,,,,,,,,,,,,,,,,,,,,,,,,,,,,,,,,,,,,,,,,,,,,,,,,,,,,,,,,,,,,,,,,,,,,,,,,,,,,,,,,,,,,,,,,,,,
,,,,,,,,,,,,,,,,,,,,,,,,,,,,,,,,,,,,,,,,,,,,,,,,,,,,,,,,,,,,,,,,,,,,,,,,,,,,,,,,,,,,,,,,,,,,,,,,,,,,,,,,,,,,,,,,,,,,,,,,,,,,,
170809 S9B1R2,L,Spruce,August,171103,0.0266,0.74,40,99.5,120.4,15.3,590.3,8.6,471.2,972.3,166.1,0.204002143,0.654584526,0.858586669,3.208713973,0.021597672,0.040670984,0.003910559,0.093358386,0.003186187,0.061353031,0.260983344,0.028694418,0.033420526,0.111038559,0.247321484,,,,,,,,,,,,,,,,,,,,,,,,,,,,,,,,,,,,,,,,,,,,,,,,,,,,,,,,,,,,,,,,,,,,,,,,,,,,,,,,,,,,,,,,,,,,,,,
170809 S9B2R2,L,Spruce,August,171103,0.0259,0.77,40,109.7,105.5,14.7,540.8,11,438.3,924.8,188.9,0.202787787,0.665356108,0.868143895,3.281046248,0.025446694,0.038084787,0.004015186,0.091402508,0.004355182,0.074565722,0.273998448,0.033817062,0.038953291,0.12878654,0.247519084,,,,,,,,,,,,,,,,,,,,,,,,,,,,,,,,,,,,,,,,,,,,,,,,,,,,,,,,,,,,,,,,,,,,,,,,,,,,,,,,,,,,,,,,,,,,,,,
,,,,,,,,,,,,,,,,,,,,,,,,,,,,,,,,,,,,,,,,,,,,,,,,,,,,,,,,,,,,,,,,,,,,,,,,,,,,,,,,,,,,,,,,,,,,,,,,,,,,,,,,,,,,,,,,,,,,,,,,,,,,,
170920 P10B1R1D,D,Pine,September,171103,0.0279,0.74,40,138.4,142,28.4,717.8,0,561.5,1136.1,224.5,0.231769691,0.729221462,0.960991153,3.146319347,0.028641607,0.045732398,0.006920591,0.108233434,0,0.079060612,0.279491275,0.035562199,0.03700575,0,0.194605274,,,,,,,,,,,,,,,,,,,,,,,,,,,,,,,,,,,,,,,,,,,,,,,,,,,,,,,,,,,,,,,,,,,,,,,,,,,,,,,,,,,,,,,,,,,,,,,
170920 P10B1R2D,D,Pine,September,180118,0.0260,0.74,40,66.1,94.1,29.3,635.3,19.8,584.1,1007.6,214.5,0.258716986,0.694003877,0.952720863,2.68248285,0.014678903,0.032520417,0.007661668,0.102793983,0.007504923,0.081059138,0.258437747,0.029845495,0.031326589,0.251459172,0.508170219,,,,,,,,,,,,,,,,,,,,,,,,,,,,,,,,,,,,,,,,,,,,,,,,,,,,,,,,,,,,,,,,,,,,,,,,,,,,,,,,,,,,,,,,,,,,,,,
170920 P9B1R2D,D,Pine,September,180119,0.0242,0.77,40,55.2,69.1,38.8,456.1,36.4,417.1,831.4,230.7,0.206535597,0.640178,0.846713597,3.099601282,0.013704027,0.026696942,0.011342386,0.08250227,0.015424086,0.097462885,0.291872717,0.0404705,0.047797154,0.381119244,0.661382309,,,,,,,,,,,,,,,,,,,,,,,,,,,,,,,,,,,,,,,,,,,,,,,,,,,,,,,,,,,,,,,,,,,,,,,,,,,,,,,,,,,,,,,,,,,,,,,
,,,,,,,,,,,,,,,,,,,,,,,,,,,,,,,,,,,,,,,,,,,,,,,,,,,,,,,,,,,,,,,,,,,,,,,,,,,,,,,,,,,,,,,,,,,,,,,,,,,,,,,,,,,,,,,,,,,,,,,,,,,,,
170920 P10B1R2,L,Pine,September,180119,0.0250,0.77,40,44.2,67.2,18.1,447,41.3,476.9,928.6,193.2,0.228590093,0.692141296,0.920731389,3.02787093,0.010622011,0.025132061,0.005121848,0.078268806,0.016940393,0.07900856,0.233611759,0.032684252,0.03549814,0.518304439,0.675011332,,,,,,,,,,,,,,,,,,,,,,,,,,,,,,,,,,,,,,,,,,,,,,,,,,,,,,,,,,,,,,,,,,,,,,,,,,,,,,,,,,,,,,,,,,,,,,,
170920 P2B1R1,L,Pine,September,180118,0.0221,0.75,40,20.2,39.4,16.5,331.6,46.7,268.3,527.2,153.2,0.141699731,0.432971946,0.574671677,3.055559397,0.005348773,0.016235786,0.005144584,0.063975543,0.021106128,0.069030984,0.314687161,0.031599485,0.054987024,0.667926335,0.830732286,,,,,,,,,,,,,,,,,,,,,,,,,,,,,,,,,,,,,,,,,,,,,,,,,,,,,,,,,,,,,,,,,,,,,,,,,,,,,,,,,,,,,,,,,,,,,,,
170920 P2B1R2,L,Pine,September,180118,0.0240,0.76,40,21.5,43.9,17,438.9,80.7,296.5,676.5,205.8,0.146118906,0.5184245,0.664543406,3.547963185,0.005312202,0.016880099,0.004945938,0.079012973,0.034032871,0.086529468,0.341156872,0.044291011,0.066648785,0.76839229,0.880061394,,,,,,,,,,,,,,,,,,,,,,,,,,,,,,,,,,,,,,,,,,,,,,,,,,,,,,,,,,,,,,,,,,,,,,,,,,,,,,,,,,,,,,,,,,,,,,,
170920 P9B1R1,L,Pine,September,180118,0.0255,0.73,40,61,100.2,28.3,762,55.8,686.2,1275.2,278.2,0.305712191,0.883438557,1.189150748,2.889772087,0.013625307,0.034830404,0.007443316,0.124013259,0.021273531,0.105744093,0.258108495,0.042342154,0.035607053,0.502419671,0.678209408,,,,,,,,,,,,,,,,,,,,,,,,,,,,,,,,,,,,,,,,,,,,,,,,,,,,,,,,,,,,,,,,,,,,,,,,,,,,,,,,,,,,,,,,,,,,,,,
170920 P9B1R2,L,Pine,September,180118,0.0251,0.73,40,66.8,91.8,38.1,580.1,33,530.6,1005.6,255.2,0.240157276,0.70776612,0.947923395,2.947094219,0.01515861,0.032419024,0.010180555,0.095914104,0.012781617,0.098547615,0.279560063,0.038120782,0.040215045,0.335292613,0.602353119,,,,,,,,,,,,,,,,,,,,,,,,,,,,,,,,,,,,,,,,,,,,,,,,,,,,,,,,,,,,,,,,,,,,,,,,,,,,,,,,,,,,,,,,,,,,,,,
,,,,,,,,,,,,,,,,,,,,,,,,,,,,,,,,,,,,,,,,,,,,,,,,,,,,,,,,,,,,,,,,,,,,,,,,,,,,,,,,,,,,,,,,,,,,,,,,,,,,,,,,,,,,,,,,,,,,,,,,,,,,,
170920 S3B1R1D,D,Spruce,September,180118,0.0254,0.73,40,53.6,89.4,18.2,665.2,7.6,529.1,896.8,191.9,0.23664987,0.623734992,0.860384862,2.635687031,0.012019536,0.031198576,0.004805714,0.108685561,0.002908878,0.073228549,0.270630998,0.019734127,0.022936395,0.147403405,0.390926389,,,,,,,,,,,,,,,,,,,,,,,,,,,,,,,,,,,,,,,,,,,,,,,,,,,,,,,,,,,,,,,,,,,,,,,,,,,,,,,,,,,,,,,,,,,,,,,
170920 S3B2R1D,D,Spruce,September,180118,0.0265,0.77,40,38.7,68.3,29.8,619.2,44.8,427.7,805.7,188.5,0.193403116,0.566543917,0.759947033,2.929342246,0.008773838,0.024097593,0.007955335,0.102283662,0.017335867,0.072723122,0.306823248,0.03406504,0.044825545,0.508904945,0.742438649,,,,,,,,,,,,,,,,,,,,,,,,,,,,,,,,,,,,,,,,,,,,,,,,,,,,,,,,,,,,,,,,,,,,,,,,,,,,,,,,,,,,,,,,,,,,,,,
170920 S9B1R1D,D,Spruce,September,180118,0.0235,0.71,40,55.4,90.6,18.7,653.7,29.3,470.2,830.1,167.5,0.221081537,0.606926732,0.828008269,2.74526195,0.013059725,0.033237381,0.005190742,0.112279234,0.011789104,0.067192625,0.293171965,0.030039571,0.036279313,0.392452484,0.565249292,,,,,,,,,,,,,,,,,,,,,,,,,,,,,,,,,,,,,,,,,,,,,,,,,,,,,,,,,,,,,,,,,,,,,,,,,,,,,,,,,,,,,,,,,,,,,,,
,,,,,,,,,,,,,,,,,,,,,,,,,,,,,,,,,,,,,,,,,,,,,,,,,,,,,,,,,,,,,,,,,,,,,,,,,,,,,,,,,,,,,,,,,,,,,,,,,,,,,,,,,,,,,,,,,,,,,,,,,,,,,
170920 S3B1R1,L,Spruce,September,180118,0.0270,0.74,40,45.3,77.2,22.6,556.4,19.5,470,778.8,167.9,0.200468056,0.516546311,0.717014367,2.576701359,0.009687237,0.025691731,0.005690806,0.086693302,0.007117464,0.061099121,0.273327384,0.022495507,0.031373858,0.316394914,0.569370125,,,,,,,,,,,,,,,,,,,,,,,,,,,,,,,,,,,,,,,,,,,,,,,,,,,,,,,,,,,,,,,,,,,,,,,,,,,,,,,,,,,,,,,,,,,,,,,
170920 S3B2R1,L,Spruce,September,180118,0.0274,0.73,40,45.9,81.7,28.3,735.5,50.4,484.7,832.3,191.7,0.200966969,0.536620869,0.737587837,2.670194374,0.009541546,0.026430323,0.006927174,0.111400065,0.017882389,0.067812651,0.32537704,0.034351109,0.046572228,0.520576759,0.722234696,,,,,,,,,,,,,,,,,,,,,,,,,,,,,,,,,,,,,,,,,,,,,,,,,,,,,,,,,,,,,,,,,,,,,,,,,,,,,,,,,,,,,,,,,,,,,,,
,,,,,,,,,,,,,,,,,,,,,,,,,,,,,,,,,,,,,,,,,,,,,,,,,,,,,,,,,,,,,,,,,,,,,,,,,,,,,,,,,,,,,,,,,,,,,,,,,,,,,,,,,,,,,,,,,,,,,,,,,,,,,
171018 P10B1R1D,D,Pine,October,180531,0.0235,0.70,40,115.4,63.8,59.4,533.9,16.4,421.4,788.1,171.5,0.195345798,0.568102723,0.763448521,2.908190141,0.026820679,0.023075917,0.016256011,0.090410853,0.00650574,0.06782825,0.302440104,0.04958243,0.064945348,0.131210601,0.459068891,,,,,,,,,,,,,,,,,,,,,,,,,,,,,,,,,,,,,,,,,,,,,,,,,,,,,,,,,,,,,,,,,,,,,,,,,,,,,,,,,,,,,,,,,,,,,,,
171018 P10B1R2D,D,Pine,October,180119,0.0255,0.77,40,42.2,60.6,28.1,521.5,29.1,426.6,794.7,210.7,0.200470632,0.580723129,0.781193762,2.89679901,0.009942527,0.022219346,0.007795684,0.089523144,0.011702166,0.08447562,0.288863658,0.029440376,0.037686394,0.397486957,0.662282616,,,,,,,,,,,,,,,,,,,,,,,,,,,,,,,,,,,,,,,,,,,,,,,,,,,,,,,,,,,,,,,,,,,,,,,,,,,,,,,,,,,,,,,,,,,,,,,
171018 P2B1R1D,D,Pine,October,180119,0.0251,0.77,40,54,64.4,25.6,506.1,30,377.6,767.7,214.4,0.180272032,0.569933139,0.750205171,3.161517255,0.012925416,0.023988936,0.007215299,0.088264042,0.012256345,0.087328921,0.309220687,0.03239706,0.043184266,0.378316573,0.601031191,,,,,,,,,,,,,,,,,,,,,,,,,,,,,,,,,,,,,,,,,,,,,,,,,,,,,,,,,,,,,,,,,,,,,,,,,,,,,,,,,,,,,,,,,,,,,,,
171018 P9B1R2D,D,Pine,October,180119,0.0263,0.73,40,51.8,63.8,29.8,437.3,34.3,353.6,677.4,186.8,0.152742091,0.455017049,0.607759141,2.97898926,0.011218393,0.021502844,0.007599425,0.069004444,0.012678969,0.06884308,0.314017744,0.031496787,0.051824456,0.402548012,0.643824208,,,,,,,,,,,,,,,,,,,,,,,,,,,,,,,,,,,,,,,,,,,,,,,,,,,,,,,,,,,,,,,,,,,,,,,,,,,,,,,,,,,,,,,,,,,,,,,
,,,,,,,,,,,,,,,,,,,,,,,,,,,,,,,,,,,,,,,,,,,,,,,,,,,,,,,,,,,,,,,,,,,,,,,,,,,,,,,,,,,,,,,,,,,,,,,,,,,,,,,,,,,,,,,,,,,,,,,,,,,,,
171018 P10B1R1,L,Pine,October,180531,0.0270,0.70,40,62.1,58.7,54,549.1,88.5,440.2,815.7,180.7,0.177608472,0.511776222,0.689384694,2.881485415,0.012562025,0.018479086,0.0128625,0.080931239,0.030556264,0.062202629,0.315634717,0.055980789,0.081203992,0.545834821,0.775601144,,,,,,,,,,,,,,,,,,,,,,,,,,,,,,,,,,,,,,,,,,,,,,,,,,,,,,,,,,,,,,,,,,,,,,,,,,,,,,,,,,,,,,,,,,,,,,,
171018 P10B1R2,L,Pine,October,180119,0.0258,0.78,40,53.3,85.4,26.5,577.6,53.2,525.6,902.1,191.4,0.247291744,0.660001535,0.907293279,2.668918597,0.012572912,0.031350241,0.007360683,0.099273321,0.021419495,0.076830408,0.274230027,0.041353091,0.045578526,0.517966009,0.695961971,,,,,,,,,,,,,,,,,,,,,,,,,,,,,,,,,,,,,,,,,,,,,,,,,,,,,,,,,,,,,,,,,,,,,,,,,,,,,,,,,,,,,,,,,,,,,,,
171018 P2B1R1,L,Pine,October,180119,0.0256,0.79,40,21.3,44.5,24.8,417.5,179.6,294.3,679.6,179,0.141337288,0.507523156,0.648860444,3.590865262,0.00512862,0.016674593,0.007031309,0.073244341,0.073810163,0.073342628,0.384106715,0.085970091,0.132493962,0.858556293,0.940344139,,,,,,,,,,,,,,,,,,,,,,,,,,,,,,,,,,,,,,,,,,,,,,,,,,,,,,,,,,,,,,,,,,,,,,,,,,,,,,,,,,,,,,,,,,,,,,,
171018 P2B1R2,L,Pine,October,180119,0.0238,0.77,40,61.5,77.3,29,483.9,40.6,462.7,886.4,221.7,0.232966048,0.693999059,0.926965107,2.978970822,0.01552468,0.030366964,0.008620037,0.089002019,0.017492928,0.095234821,0.276430523,0.041637645,0.044918244,0.420122896,0.627147976,,,,,,,,,,,,,,,,,,,,,,,,,,,,,,,,,,,,,,,,,,,,,,,,,,,,,,,,,,,,,,,,,,,,,,,,,,,,,,,,,,,,,,,,,,,,,,,
171018 P9B1R1,L,Pine,October,180119,0.0256,0.76,40,41.6,58.3,34.7,461.4,63.7,366.5,684.7,193.6,0.169327295,0.491914156,0.661241451,2.905108456,0.009636088,0.021016011,0.009464561,0.077872064,0.025184641,0.076312431,0.33192988,0.044285289,0.066972948,0.568690903,0.782408838,,,,,,,,,,,,,,,,,,,,,,,,,,,,,,,,,,,,,,,,,,,,,,,,,,,,,,,,,,,,,,,,,,,,,,,,,,,,,,,,,,,,,,,,,,,,,,,
,,,,,,,,,,,,,,,,,,,,,,,,,,,,,,,,,,,,,,,,,,,,,,,,,,,,,,,,,,,,,,,,,,,,,,,,,,,,,,,,,,,,,,,,,,,,,,,,,,,,,,,,,,,,,,,,,,,,,,,,,,,,,
171018 S3B1R1D,D,Spruce,October,180119,0.0277,0.75,40,31.9,54.4,29.1,461.6,68.3,329.7,621.5,135.2,0.138924808,0.407228339,0.546153148,2.931285957,0.006739163,0.017884982,0.007238888,0.071052238,0.024627759,0.048604278,0.322523653,0.03860581,0.070686785,0.637928837,0.825436562,,,,,,,,,,,,,,,,,,,,,,,,,,,,,,,,,,,,,,,,,,,,,,,,,,,,,,,,,,,,,,,,,,,,,,,,,,,,,,,,,,,,,,,,,,,,,,,
171018 S9B1R1D,D,Spruce,October,180119,0.0236,0.74,40,36.4,62.3,24.7,483.3,47.8,489.7,813.2,125.4,0.238962188,0.617067186,0.856029374,2.582279619,0.00890543,0.023720065,0.007115641,0.086152321,0.01996045,0.05220758,0.231372301,0.03598152,0.042033044,0.554741698,0.752499905,,,,,,,,,,,,,,,,,,,,,,,,,,,,,,,,,,,,,,,,,,,,,,,,,,,,,,,,,,,,,,,,,,,,,,,,,,,,,,,,,,,,,,,,,,,,,,,
,,,,,,,,,,,,,,,,,,,,,,,,,,,,,,,,,,,,,,,,,,,,,,,,,,,,,,,,,,,,,,,,,,,,,,,,,,,,,,,,,,,,,,,,,,,,,,,,,,,,,,,,,,,,,,,,,,,,,,,,,,,,,
171018 S3B2R1,L,Spruce,October,180119,0.0235,0.75,40,33.8,76.2,30.4,614.2,111.6,522.4,927.4,178.3,0.259463298,0.716268511,0.975731809,2.760577378,0.008416739,0.029529527,0.00891383,0.111438096,0.047432968,0.075554625,0.288281864,0.064763537,0.066374322,0.732402369,0.870038918,,,,,,,,,,,,,,,,,,,,,,,,,,,,,,,,,,,,,,,,,,,,,,,,,,,,,,,,,,,,,,,,,,,,,,,,,,,,,,,,,,,,,,,,,,,,,,,
,,,,,,,,,,,,,,,,,,,,,,,,,,,,,,,,,,,,,,,,,,,,,,,,,,,,,,,,,,,,,,,,,,,,,,,,,,,,,,,,,,,,,,,,,,,,,,,,,,,,,,,,,,,,,,,,,,,,,,,,,,,,,
171108 P10B1R1D,D,Pine,November,180119,0.0241,0.74,40,80.2,52.6,50.1,491.9,13.6,402.6,701.8,182.8,0.192383496,0.521486905,0.7138704,2.710663419,0.019214223,0.019611397,0.014133501,0.085866146,0.0055613,0.074525891,0.306655742,0.038909023,0.054504324,0.142930845,0.50617566,,,,,,,,,,,,,,,,,,,,,,,,,,,,,,,,,,,,,,,,,,,,,,,,,,,,,,,,,,,,,,,,,,,,,,,,,,,,,,,,,,,,,,,,,,,,,,,
171108 P10B1R2D,D,Pine,November,180531,0.0223,0.69,40,41.6,51.8,81.9,535.3,93,427.8,764,170.2,0.205998649,0.572074978,0.778073627,2.777081209,0.010043182,0.019461759,0.023282279,0.09416119,0.038322151,0.069923007,0.32798126,0.071647612,0.092083332,0.534869904,0.859825306,,,,,,,,,,,,,,,,,,,,,,,,,,,,,,,,,,,,,,,,,,,,,,,,,,,,,,,,,,,,,,,,,,,,,,,,,,,,,,,,,,,,,,,,,,,,,,,
171109 P2B1R1D,D,Pine,November,180531,0.0247,0.72,40,32,56.2,43.4,578,226.6,423.1,841,188.7,0.19193666,0.59326251,0.78519917,3.090928593,0.007278121,0.01989207,0.011623117,0.095784194,0.08796667,0.073033776,0.37643691,0.106867909,0.136102932,0.823134569,0.9318961,,,,,,,,,,,,,,,,,,,,,,,,,,,,,,,,,,,,,,,,,,,,,,,,,,,,,,,,,,,,,,,,,,,,,,,,,,,,,,,,,,,,,,,,,,,,,,,
171109 P2B1R2D,D,Pine,November,180119,0.0263,0.74,40,20.4,41.7,23.5,490.3,239.8,406.1,804.3,204.6,0.177823161,0.547657962,0.725481123,3.079789832,0.004478576,0.014246892,0.006074929,0.078427493,0.08985616,0.076435993,0.371505246,0.100409664,0.138404241,0.894895532,0.955396966,,,,,,,,,,,,,,,,,,,,,,,,,,,,,,,,,,,,,,,,,,,,,,,,,,,,,,,,,,,,,,,,,,,,,,,,,,,,,,,,,,,,,,,,,,,,,,,
171109 P9B1R1D,D,Pine,November,180531,0.0246,0.70,40,61.1,67.8,72.9,630.6,114.6,650,1047,227,0.287842988,0.720982927,1.008825915,2.504778499,0.013565566,0.02342614,0.01905846,0.102011085,0.043428043,0.085764014,0.284740216,0.076052069,0.075386712,0.57103039,0.821627916,,,,,,,,,,,,,,,,,,,,,,,,,,,,,,,,,,,,,,,,,,,,,,,,,,,,,,,,,,,,,,,,,,,,,,,,,,,,,,,,,,,,,,,,,,,,,,,
171109 P9B1R2D,D,Pine,November,180531,0.0237,0.71,40,23.3,43.1,37.1,496.5,244.9,350.6,685.7,180.3,0.163456155,0.497118034,0.660574189,3.041292838,0.005446277,0.015678171,0.010211305,0.084558978,0.097706058,0.071716988,0.431923895,0.11336364,0.17161379,0.861881799,0.951957465,,,,,,,,,,,,,,,,,,,,,,,,,,,,,,,,,,,,,,,,,,,,,,,,,,,,,,,,,,,,,,,,,,,,,,,,,,,,,,,,,,,,,,,,,,,,,,,
,,,,,,,,,,,,,,,,,,,,,,,,,,,,,,,,,,,,,,,,,,,,,,,,,,,,,,,,,,,,,,,,,,,,,,,,,,,,,,,,,,,,,,,,,,,,,,,,,,,,,,,,,,,,,,,,,,,,,,,,,,,,,
17108 P10B1R1,L,Pine,November,180119,0.0259,0.77,40,24,47.7,16.2,481.7,181.3,431.4,719.1,190.4,0.199595372,0.517363297,0.716958669,2.592060593,0.005567189,0.017219378,0.004424899,0.081413809,0.071781325,0.075157827,0.35645629,0.081773413,0.114055965,0.877807621,0.931919324,,,,,,,,,,,,,,,,,,,,,,,,,,,,,,,,,,,,,,,,,,,,,,,,,,,,,,,,,,,,,,,,,,,,,,,,,,,,,,,,,,,,,,,,,,,,,,,
171108 P10B1R2,L,Pine,November,180531,0.0253,0.67,40,40.2,49,45.7,661.5,260,443.8,868.6,209,0.182903048,0.556659304,0.739562353,3.04346652,0.008306424,0.015756454,0.011119054,0.09958974,0.091695988,0.073488076,0.405585459,0.111121466,0.150253006,0.825186989,0.925249148,,,,,,,,,,,,,,,,,,,,,,,,,,,,,,,,,,,,,,,,,,,,,,,,,,,,,,,,,,,,,,,,,,,,,,,,,,,,,,,,,,,,,,,,,,,,,,,
171109 P2B1R1,L,Pine,November,180119,0.0248,0.69,40,32.5,42.1,42.1,509.3,163.9,447,850.4,204.5,0.193546043,0.572579806,0.76612585,2.958364824,0.007055285,0.014222882,0.0107616,0.080556679,0.060729411,0.075545227,0.324843608,0.078546296,0.102524012,0.773167088,0.910176735,,,,,,,,,,,,,,,,,,,,,,,,,,,,,,,,,,,,,,,,,,,,,,,,,,,,,,,,,,,,,,,,,,,,,,,,,,,,,,,,,,,,,,,,,,,,,,,
171109 P2B1R2,L,Pine,November,180119,0.0242,0.76,40,28.1,47.4,22.3,559.8,270.4,526,995.4,227,0.257077066,0.756504,1.013581066,2.942712905,0.006885545,0.018075265,0.006434287,0.099945119,0.113090889,0.09465431,0.334541979,0.126410721,0.124716933,0.894630518,0.945530371,,,,,,,,,,,,,,,,,,,,,,,,,,,,,,,,,,,,,,,,,,,,,,,,,,,,,,,,,,,,,,,,,,,,,,,,,,,,,,,,,,,,,,,,,,,,,,,
171109 P2B3R1,L,Pine,November,180119,0.0246,0.75,40,26.4,47,40.4,547.9,206.4,411.6,808.6,214.3,0.195290396,0.596589024,0.791879421,3.054881528,0.006280061,0.017399314,0.011316311,0.094963765,0.083802805,0.086749032,0.379491221,0.101399177,0.128048759,0.826464351,0.938065957,,,,,,,,,,,,,,,,,,,,,,,,,,,,,,,,,,,,,,,,,,,,,,,,,,,,,,,,,,,,,,,,,,,,,,,,,,,,,,,,,,,,,,,,,,,,,,,
171109 P9B1R1,L,Pine,November,180119,0.0245,0.75,40,46.7,71.4,58.5,629.3,180.9,588.2,1014.8,258.6,0.280220281,0.751780408,1.032000689,2.682819411,0.01115439,0.026540036,0.016453125,0.109517464,0.073749054,0.105109026,0.331902002,0.101356569,0.098213664,0.727619871,0.889949014,,,,,,,,,,,,,,,,,,,,,,,,,,,,,,,,,,,,,,,,,,,,,,,,,,,,,,,,,,,,,,,,,,,,,,,,,,,,,,,,,,,,,,,,,,,,,,,
171109 P9B1R2,L,Pine,November,180119,0.0245,0.75,40,31,53.4,23.4,482.2,222.7,537.8,932.7,205,0.256209566,0.690959388,0.947168954,2.696852415,0.007404413,0.01984927,0.00658125,0.083917561,0.090790018,0.083323087,0.308145235,0.104775681,0.110619843,0.86651804,0.929330803,,,,,,,,,,,,,,,,,,,,,,,,,,,,,,,,,,,,,,,,,,,,,,,,,,,,,,,,,,,,,,,,,,,,,,,,,,,,,,,,,,,,,,,,,,,,,,,
,,,,,,,,,,,,,,,,,,,,,,,,,,,,,,,,,,,,,,,,,,,,,,,,,,,,,,,,,,,,,,,,,,,,,,,,,,,,,,,,,,,,,,,,,,,,,,,,,,,,,,,,,,,,,,,,,,,,,,,,,,,,,
171108 S3B1R1D,D,Spruce,November,180604,0.0261,0.74,40,47.3,86.7,71.6,703.3,142.5,608.3,1082.3,192.7,0.268403635,0.742598789,1.011002424,2.766724039,0.01046372,0.029848219,0.018650977,0.113360643,0.053805761,0.072541952,0.295420926,0.082920459,0.082018061,0.648884029,0.873810147,,,,,,,,,,,,,,,,,,,,,,,,,,,,,,,,,,,,,,,,,,,,,,,,,,,,,,,,,,,,,,,,,,,,,,,,,,,,,,,,,,,,,,,,,,,,,,,
171108 S3B2R1D,D,Spruce,November,180119,0.0275,0.73,40,42.5,80.6,56.7,749.2,161.1,634.9,1100,215.8,0.262285848,0.70664,0.968925848,2.694159849,0.008802639,0.025979651,0.013828357,0.113062453,0.056951926,0.076060279,0.304136076,0.079582921,0.082135203,0.715629997,0.889390355,,,,,,,,,,,,,,,,,,,,,,,,,,,,,,,,,,,,,,,,,,,,,,,,,,,,,,,,,,,,,,,,,,,,,,,,,,,,,,,,,,,,,,,,,,,,,,,
171108 S9B1R1D,D,Spruce,November,180119,0.0265,0.72,40,32.1,57.9,43.7,628.7,174.5,468.3,857.5,171.5,0.198011377,0.56381434,0.761825717,2.847383555,0.006804958,0.019101756,0.010908509,0.097109239,0.063140026,0.06186814,0.339884337,0.080853494,0.106131221,0.780918964,0.915835947,,,,,,,,,,,,,,,,,,,,,,,,,,,,,,,,,,,,,,,,,,,,,,,,,,,,,,,,,,,,,,,,,,,,,,,,,,,,,,,,,,,,,,,,,,,,,,,
,,,,,,,,,,,,,,,,,,,,,,,,,,,,,,,,,,,,,,,,,,,,,,,,,,,,,,,,,,,,,,,,,,,,,,,,,,,,,,,,,,,,,,,,,,,,,,,,,,,,,,,,,,,,,,,,,,,,,,,,,,,,,
171108 S3B1R1,L,Spruce,November,180531,0.0233,0.70,40,20.1,38.4,20.7,464.2,183.4,345.1,698.8,137.5,0.161349061,0.508054592,0.669403653,3.148791748,0.004711638,0.014008172,0.0057136,0.079282571,0.07337771,0.054848042,0.346490091,0.083802948,0.125190456,0.875598193,0.943777176,,,,,,,,,,,,,,,,,,,,,,,,,,,,,,,,,,,,,,,,,,,,,,,,,,,,,,,,,,,,,,,,,,,,,,,,,,,,,,,,,,,,,,,,,,,,,,,
171108 S3B2R1,L,Spruce,November,180119,0.0247,0.77,40,35.5,56.5,18.3,541.2,151,524.5,903.3,166.5,0.254459476,0.681461223,0.935920699,2.678073667,0.008634872,0.021387023,0.005241339,0.095914006,0.062689301,0.068916676,0.280775086,0.076565511,0.081807691,0.818766827,0.887222434,,,,,,,,,,,,,,,,,,,,,,,,,,,,,,,,,,,,,,,,,,,,,,,,,,,,,,,,,,,,,,,,,,,,,,,,,,,,,,,,,,,,,,,,,,,,,,,
171108 S3B2R1,L,Spruce,November,180531,0.0255,0.71,40,50.1,70.2,37,684.9,187.8,500.1,998.1,195.2,0.216697743,0.672523694,0.889221437,3.103510382,0.010884029,0.023733588,0.009464926,0.108411612,0.069636424,0.072162952,0.330956406,0.089985379,0.101195693,0.773863763,0.8790467,,,,,,,,,,,,,,,,,,,,,,,,,,,,,,,,,,,,,,,,,,,,,,,,,,,,,,,,,,,,,,,,,,,,,,,,,,,,,,,,,,,,,,,,,,,,,,,
171108 S9B1R1,L,Spruce,November,180531,0.0240,0.74,40,35.8,51.6,37.1,557.3,175.5,409.2,759.4,127.9,0.196352063,0.566638967,0.762991029,2.885831498,0.00861266,0.019318718,0.010509734,0.097687724,0.072064322,0.052360928,0.341490365,0.091186716,0.119512173,0.790294082,0.905549185,,,,,,,,,,,,,,,,,,,,,,,,,,,,,,,,,,,,,,,,,,,,,,,,,,,,,,,,,,,,,,,,,,,,,,,,,,,,,,,,,,,,,,,,,,,,,,,
171108 S9B2R1,L,Spruce,November,180531,0.0264,0.68,40,24.8,36.4,33.7,501.5,220.6,296.8,696.9,126.8,0.118972955,0.434401,0.553373955,3.651258403,0.004984142,0.011384514,0.007975028,0.073435557,0.075671649,0.04336512,0.3918074,0.08863082,0.160164423,0.853784825,0.943765132,,,,,,,,,,,,,,,,,,,,,,,,,,,,,,,,,,,,,,,,,,,,,,,,,,,,,,,,,,,,,,,,,,,,,,,,,,,,,,,,,,,,,,,,,,,,,,,
,,,,,,,,,,,,,,,,,,,,,,,,,,,,,,,,,,,,,,,,,,,,,,,,,,,,,,,,,,,,,,,,,,,,,,,,,,,,,,,,,,,,,,,,,,,,,,,,,,,,,,,,,,,,,,,,,,,,,,,,,,,,,
180127 P2B1R1D,D,Pine,January,180604,0.0228,0.72,40,19.5,58.5,34.5,484.6,187.7,377.4,688.7,177.2,0.185472237,0.526311789,0.711784026,2.837685027,0.004804697,0.022431671,0.010009539,0.086998453,0.078937729,0.074298095,0.389837611,0.093751966,0.131714063,0.841984787,0.948750969,,,,,,,,,,,,,,,,,,,,,,,,,,,,,,,,,,,,,,,,,,,,,,,,,,,,,,,,,,,,,,,,,,,,,,,,,,,,,,,,,,,,,,,,,,,,,,,
180127 P2B1R2D,D,Pine,January,180604,0.0265,0.74,40,20.1,62.3,42.1,544.6,299.2,355,755.5,163,0.154274292,0.510546943,0.664821236,3.309345551,0.004379411,0.021124284,0.010801033,0.086455764,0.111267964,0.060435172,0.442921513,0.126448408,0.19019911,0.879947529,0.965366027,,,,,,,,,,,,,,,,,,,,,,,,,,,,,,,,,,,,,,,,,,,,,,,,,,,,,,,,,,,,,,,,,,,,,,,,,,,,,,,,,,,,,,,,,,,,,,,
180127 P9B1R1D,D,Pine,January,180604,0.0226,0.73,40,31.3,77.4,42.1,685.8,278,552.8,1016.1,242.4,0.277882898,0.794266487,1.072149385,2.858277684,0.007888466,0.030357325,0.01249378,0.125933818,0.119586436,0.1039593,0.373286717,0.139968682,0.130549608,0.854379953,0.94364121,,,,,,,,,,,,,,,,,,,,,,,,,,,,,,,,,,,,,,,,,,,,,,,,,,,,,,,,,,,,,,,,,,,,,,,,,,,,,,,,,,,,,,,,,,,,,,,
180127 P9B1R2D,D,Pine,January,180606,0.0254,0.75,40,46.2,71.7,62.5,788.4,281.8,626.8,1209,285.1,0.288028789,0.863911417,1.151940207,2.999392593,0.010643962,0.025707202,0.016955278,0.132344114,0.110813135,0.111774072,0.354391453,0.138412375,0.120155867,0.800601357,0.923099639,,,,,,,,,,,,,,,,,,,,,,,,,,,,,,,,,,,,,,,,,,,,,,,,,,,,,,,,,,,,,,,,,,,,,,,,,,,,,,,,,,,,,,,,,,,,,,,
180129 P10B1R1D,D,Pine,January,180606,0.0245,0.75,40,17.3,43.3,43.3,490.4,262.5,300.2,641,173.9,0.143016199,0.474863265,0.617879464,3.320346008,0.00413214,0.016095008,0.012178125,0.085344612,0.107015625,0.070682365,0.478164257,0.12332589,0.199595386,0.867746624,0.966494138,,,,,,,,,,,,,,,,,,,,,,,,,,,,,,,,,,,,,,,,,,,,,,,,,,,,,,,,,,,,,,,,,,,,,,,,,,,,,,,,,,,,,,,,,,,,,,,
180129 P10B1R2D,D,Pine,January,180604,0.0263,0.70,40,28.4,80.1,21.1,686.6,326.3,522.2,984.8,193.9,0.216300998,0.634316046,0.850617044,2.932561806,0.005897859,0.025887071,0.005159672,0.103890673,0.115659702,0.068523007,0.382096723,0.126717234,0.148970956,0.912738536,0.953456534,,,,,,,,,,,,,,,,,,,,,,,,,,,,,,,,,,,,,,,,,,,,,,,,,,,,,,,,,,,,,,,,,,,,,,,,,,,,,,,,,,,,,,,,,,,,,,,
,,,,,,,,,,,,,,,,,,,,,,,,,,,,,,,,,,,,,,,,,,,,,,,,,,,,,,,,,,,,,,,,,,,,,,,,,,,,,,,,,,,,,,,,,,,,,,,,,,,,,,,,,,,,,,,,,,,,,,,,,,,,,
180127 P2B1R1,L,Pine,January,180604,0.0235,0.73,40,14.4,45.2,24.4,449.3,288.1,290.5,657.7,132.9,0.140436662,0.494422477,0.634859139,3.520608285,0.003490208,0.017049103,0.006963734,0.079345424,0.119184825,0.054814605,0.442378288,0.129638766,0.204200835,0.919360991,0.973077438,,,,,,,,,,,,,,,,,,,,,,,,,,,,,,,,,,,,,,,,,,,,,,,,,,,,,,,,,,,,,,,,,,,,,,,,,,,,,,,,,,,,,,,,,,,,,,,
180127 P2B1R2,L,Pine,January,180604,0.0231,0.73,40,20.3,56.1,33.4,494.7,297.5,347.8,759.3,168.6,0.171048718,0.580683714,0.751732432,3.394844011,0.005005422,0.021526918,0.009697386,0.088875746,0.125204678,0.07074321,0.42708462,0.139907486,0.18611341,0.894910496,0.964223344,,,,,,,,,,,,,,,,,,,,,,,,,,,,,,,,,,,,,,,,,,,,,,,,,,,,,,,,,,,,,,,,,,,,,,,,,,,,,,,,,,,,,,,,,,,,,,,
180127 P9B1R1,L,Pine,January,180606,0.0248,0.78,40,28.7,61,53.1,660.7,222.4,544.2,957.1,228.5,0.266367248,0.728476597,0.994843845,2.734857991,0.007043015,0.023295974,0.015343866,0.118134758,0.093153765,0.095421324,0.35421911,0.115540645,0.116139478,0.806242378,0.939042969,,,,,,,,,,,,,,,,,,,,,,,,,,,,,,,,,,,,,,,,,,,,,,,,,,,,,,,,,,,,,,,,,,,,,,,,,,,,,,,,,,,,,,,,,,,,,,,
180127 P9B1R2,L,Pine,January,180604,0.0237,0.72,40,33.3,107.8,63,870.7,293.8,688.8,1281.9,296.8,0.325654177,0.942439899,1.268094076,2.893989897,0.007893365,0.039765919,0.017584177,0.150377605,0.118866273,0.119719352,0.358180595,0.144343815,0.113827371,0.823494053,0.945315533,,,,,,,,,,,,,,,,,,,,,,,,,,,,,,,,,,,,,,,,,,,,,,,,,,,,,,,,,,,,,,,,,,,,,,,,,,,,,,,,,,,,,,,,,,,,,,,
180129 P10B1R1,L,Pine,January,180606,0.0226,0.75,40,24.9,48.1,31.4,575.3,287.2,370.8,775.5,235.7,0.191501383,0.622801991,0.814303374,3.252206236,0.00644742,0.019382331,0.0095737,0.108536963,0.126928739,0.103855313,0.460177961,0.142949859,0.175548651,0.887924898,0.954897334,,,,,,,,,,,,,,,,,,,,,,,,,,,,,,,,,,,,,,,,,,,,,,,,,,,,,,,,,,,,,,,,,,,,,,,,,,,,,,,,,,,,,,,,,,,,,,,
180129 P10B1R2,L,Pine,January,180604,0.0259,0.75,40,16.1,41,29.9,500.7,340.9,267.9,626,171.4,0.120729549,0.438683398,0.559412946,3.633604219,0.003637652,0.014416289,0.007954814,0.082427013,0.131465321,0.065900487,0.546647298,0.143057787,0.255728417,0.918966549,0.974572149,,,,,,,,,,,,,,,,,,,,,,,,,,,,,,,,,,,,,,,,,,,,,,,,,,,,,,,,,,,,,,,,,,,,,,,,,,,,,,,,,,,,,,,,,,,,,,,
 ,,,,,,,,,,,,,,,,,,,,,,,,,,,,,,,,,,,,,,,,,,,,,,,,,,,,,,,,,,,,,,,,,,,,,,,,,,,,,,,,,,,,,,,,,,,,,,,,,,,,,,,,,,,,,,,,,,,,,,,,,,,,,
180129 S3B2R1D,D,Spruce,January,180606,0.0274,0.75,40,21.5,30.7,62.6,519.7,278.4,204.6,697.3,125.9,0.297036439,0.461897628,0.758934067,1.55502008,0.0045918,0.010203688,0.015742815,0.04332219,0.07458286,0.045756494,0.255885005,0.094917475,0.125066826,0.785765324,0.951623242,,,,,,,,,,,,,,,,,,,,,,,,,,,,,,,,,,,,,,,,,,,,,,,,,,,,,,,,,,,,,,,,,,,,,,,,,,,,,,,,,,,,,,,,,,,,,,,
180129 S9B1R1D,D,Spruce,January,180606,0.0261,0.76,40,50.3,69.8,98.8,760.5,222.9,504.9,1029.9,199.3,0.228800948,0.725744092,0.95454504,3.171945298,0.011428121,0.024679515,0.026431839,0.125893345,0.086438229,0.077054267,0.368683825,0.124298189,0.130217207,0.695410201,0.908058826,,,,,,,,,,,,,,,,,,,,,,,,,,,,,,,,,,,,,,,,,,,,,,,,,,,,,,,,,,,,,,,,,,,,,,,,,,,,,,,,,,,,,,,,,,,,,,,
180129 S9B1R2D,D,Spruce,January,180606,0.0251,0.74,40,34.9,63.4,59.3,621.7,204.8,424.3,888.7,167.4,0.194675095,0.634057355,0.828732449,3.257002935,0.008028182,0.022696316,0.016062385,0.104200388,0.08041011,0.06552843,0.358289109,0.104500677,0.126097002,0.769469749,0.923175791,,,,,,,,,,,,,,,,,,,,,,,,,,,,,,,,,,,,,,,,,,,,,,,,,,,,,,,,,,,,,,,,,,,,,,,,,,,,,,,,,,,,,,,,,,,,,,,
,,,,,,,,,,,,,,,,,,,,,,,,,,,,,,,,,,,,,,,,,,,,,,,,,,,,,,,,,,,,,,,,,,,,,,,,,,,,,,,,,,,,,,,,,,,,,,,,,,,,,,,,,,,,,,,,,,,,,,,,,,,,,
180129 S3B1R1,L,Spruce,January,180606,0.0244,0.76,40,29.1,59.3,29.3,615.9,270.9,405.5,956.5,174.8,0.196559477,0.720981475,0.917540953,3.668006675,0.007072135,0.022427795,0.008384723,0.109059735,0.112371318,0.072290546,0.361407577,0.127828177,0.139316045,0.879080977,0.94467468,,,,,,,,,,,,,,,,,,,,,,,,,,,,,,,,,,,,,,,,,,,,,,,,,,,,,,,,,,,,,,,,,,,,,,,,,,,,,,,,,,,,,,,,,,,,,,,
180129 S3B2R1,L,Spruce,January,180606,0.0257,0.75,40,16.9,32.3,28,422.7,278.9,204.5,666.3,116.7,0.092875426,0.470558171,0.563433597,5.066551978,0.00384812,0.011445606,0.007507296,0.070127904,0.108392532,0.045218412,0.437566858,0.119747947,0.212532494,0.905172355,0.967864834,,,,,,,,,,,,,,,,,,,,,,,,,,,,,,,,,,,,,,,,,,,,,,,,,,,,,,,,,,,,,,,,,,,,,,,,,,,,,,,,,,,,,,,,,,,,,,,
180129 S9B1R1,L,Spruce,January,180604,0.0259,0.74,40,33.9,81.6,46.6,679.3,270.7,445.5,963.6,187.6,0.198088393,0.666260571,0.864348964,3.36345084,0.007557279,0.028309371,0.0122325,0.110337729,0.10300135,0.0711674,0.384804798,0.122791129,0.142061984,0.838833808,0.938454197,,,,,,,,,,,,,,,,,,,,,,,,,,,,,,,,,,,,,,,,,,,,,,,,,,,,,,,,,,,,,,,,,,,,,,,,,,,,,,,,,,,,,,,,,,,,,,,
180129 S9B1R2,L,Spruce,January,180604,0.0269,0.73,40,18.5,40,29.4,496.2,259.5,278.8,707.3,128.7,0.117745065,0.464504156,0.582249221,3.944998934,0.003917203,0.013180706,0.007330191,0.076552223,0.093784409,0.046373026,0.414148701,0.105031803,0.18038977,0.892914401,0.9627046,,,,,,,,,,,,,,,,,,,,,,,,,,,,,,,,,,,,,,,,,,,,,,,,,,,,,,,,,,,,,,,,,,,,,,,,,,,,,,,,,,,,,,,,,,,,,,,
,,,,,,,,,,,,,,,,,,,,,,,,,,,,,,,,,,,,,,,,,,,,,,,,,,,,,,,,,,,,,,,,,,,,,,,,,,,,,,,,,,,,,,,,,,,,,,,,,,,,,,,,,,,,,,,,,,,,,,,,,,,,,
180314 P10B1R1D,D,Pine,March,180606,0.0243,0.71,40,25.6,56.3,35.2,672,284.6,558.2,1010.8,226.9,0.25381733,0.714714634,0.968531964,2.815862231,0.005836142,0.019974163,0.009449136,0.111622519,0.110741315,0.088024361,0.356877881,0.126026592,0.130121253,0.878713872,0.95369119,,,,,,,,,,,,,,,,,,,,,,,,,,,,,,,,,,,,,,,,,,,,,,,,,,,,,,,,,,,,,,,,,,,,,,,,,,,,,,,,,,,,,,,,,,,,,,,
180314 P10B1R2D,D,Pine,March,180619,0.0256,0.72,40,19.7,41,38.9,593.7,299.4,426.5,883.6,239.4,0.186677051,0.60140025,0.788077301,3.221607838,0.004323073,0.01400182,0.010051699,0.094927064,0.112141673,0.089399067,0.412198647,0.126516445,0.160538116,0.886380211,0.965829955,,,,,,,,,,,,,,,,,,,,,,,,,,,,,,,,,,,,,,,,,,,,,,,,,,,,,,,,,,,,,,,,,,,,,,,,,,,,,,,,,,,,,,,,,,,,,,,
180315 P2B1R1D,D,Pine,March,180622,0.0262,0.73,40,27,43.5,48.8,482.6,253.4,369.3,783.6,164.7,0.160132779,0.52836174,0.68849452,3.299522705,0.005869743,0.014716988,0.012492195,0.076443287,0.094026633,0.060930042,0.384140877,0.112388571,0.163238149,0.83662095,0.947772774,,,,,,,,,,,,,,,,,,,,,,,,,,,,,,,,,,,,,,,,,,,,,,,,,,,,,,,,,,,,,,,,,,,,,,,,,,,,,,,,,,,,,,,,,,,,,,,
180315 P2B1R2D,D,Pine,March,180622,0.0252,0.70,40,23.6,54.2,24.5,619,422.5,437.4,939.5,150,0.189084375,0.631552778,0.820637153,3.340057991,0.005114972,0.018281208,0.006252604,0.097750417,0.15629566,0.055322917,0.413115317,0.167663236,0.20430861,0.932199946,0.969492583,,,,,,,,,,,,,,,,,,,,,,,,,,,,,,,,,,,,,,,,,,,,,,,,,,,,,,,,,,,,,,,,,,,,,,,,,,,,,,,,,,,,,,,,,,,,,,,
180315 P9B1R1D,D,Pine,March,180619,0.0240,0.76,40,30.3,33.2,50.3,435.7,246.6,358.5,701.4,167.5,0.176673281,0.5375062,0.714179481,3.042374015,0.007486499,0.012765815,0.014634156,0.078436893,0.103996358,0.070426073,0.402904032,0.126117013,0.176590081,0.824602133,0.940638471,,,,,,,,,,,,,,,,,,,,,,,,,,,,,,,,,,,,,,,,,,,,,,,,,,,,,,,,,,,,,,,,,,,,,,,,,,,,,,,,,,,,,,,,,,,,,,,
180315 P9B1R2D,D,Pine,March,180606,0.0263,0.78,40,31.9,55.2,56.8,547.6,287.9,409.4,841.7,247.8,0.188958337,0.604103772,0.793062108,3.19702101,0.007381818,0.019878611,0.01547692,0.092327859,0.113711195,0.097579023,0.43673178,0.136569933,0.172205848,0.832622472,0.945948442,,,,,,,,,,,,,,,,,,,,,,,,,,,,,,,,,,,,,,,,,,,,,,,,,,,,,,,,,,,,,,,,,,,,,,,,,,,,,,,,,,,,,,,,,,,,,,,
,,,,,,,,,,,,,,,,,,,,,,,,,,,,,,,,,,,,,,,,,,,,,,,,,,,,,,,,,,,,,,,,,,,,,,,,,,,,,,,,,,,,,,,,,,,,,,,,,,,,,,,,,,,,,,,,,,,,,,,,,,,,,
180314 P10B1R1,L,Pine,March,180606,0.0234,0.75,40,14.1,21.1,55.3,363.9,242.2,206.1,523.1,143.4,0.102802284,0.405737821,0.508540104,3.946778282,0.00352613,0.008211755,0.016284255,0.066306779,0.103381362,0.061025433,0.508781335,0.123191747,0.242245883,0.839190651,0.971376899,,,,,,,,,,,,,,,,,,,,,,,,,,,,,,,,,,,,,,,,,,,,,,,,,,,,,,,,,,,,,,,,,,,,,,,,,,,,,,,,,,,,,,,,,,,,,,,
180315 P2B1R1,L,Pine,March,180619,0.0255,0.72,40,15.2,27.4,49.1,465.7,337.4,283.4,692.9,178.8,0.124529294,0.473454494,0.597983788,3.801952765,0.003348649,0.009394009,0.012737118,0.074753068,0.126870339,0.067031068,0.491876632,0.142956106,0.239063514,0.88747758,0.976575681,,,,,,,,,,,,,,,,,,,,,,,,,,,,,,,,,,,,,,,,,,,,,,,,,,,,,,,,,,,,,,,,,,,,,,,,,,,,,,,,,,,,,,,,,,,,,,,
180315 P2B1R2,L,Pine,March,180619,0.0230,0.70,40,26.1,34.5,51.7,508.3,361.2,333.5,792.3,205.9,0.157959375,0.583546174,0.741505549,3.694280089,0.006197899,0.012749625,0.014456332,0.08794695,0.146399857,0.083203742,0.473299768,0.167054087,0.225290407,0.876362017,0.962898849,,,,,,,,,,,,,,,,,,,,,,,,,,,,,,,,,,,,,,,,,,,,,,,,,,,,,,,,,,,,,,,,,,,,,,,,,,,,,,,,,,,,,,,,,,,,,,,
180315 P9B1R1,L,Pine,March,180619,0.0246,0.72,40,16.2,37.2,38.8,436.8,255.1,310,310,655.2,0.14120122,0.219570732,0.360771951,1.55502008,0.003699527,0.013220517,0.010433415,0.072679259,0.099433002,0.254617112,1.258642281,0.113565944,0.314785957,0.875552996,0.967423977,,,,,,,,,,,,,,,,,,,,,,,,,,,,,,,,,,,,,,,,,,,,,,,,,,,,,,,,,,,,,,,,,,,,,,,,,,,,,,,,,,,,,,,,,,,,,,,
180315 P9B1R2,L,Pine,March,180622,0.0253,0.72,40,34,49.6,73.3,613.9,275.9,452,896.7,253.1,0.20018419,0.617553391,0.817737581,3.084925898, ,0.017139643,0.019165198,0.09932077,0.104565009,0.095635786,#VALUE!,#VALUE!,#VALUE!,#VALUE!,#VALUE!,,,,,,,,,,,,,,,,,,,,,,,,,,,,,,,,,,,,,,,,,,,,,,,,,,,,,,,,,,,,,,,,,,,,,,,,,,,,,,,,,,,,,,,,,,,,,,,
,,,,,,,,,,,,,,,,,,,,,,,,,,,,,,,,,,,,,,,,,,,,,,,,,,,,,,,,,,,,,,,,,,,,,,,,,,,,,,,,,,,,,,,,,,,,,,,,,,,,,,,,,,,,,,,,,,,,,,,,,,,,,
180314 S3B1R1D,D,Spruce,March,180619,0.0258,0.71,40,18.5,27.6,64.2,550.1,285.9,252.6,745.1,141,0.10818109,0.496213496,0.604394586,4.586878313,0.003972319,0.009222652,0.016231962,0.086061866,0.104779303,0.051519788,0.449686175,0.124983584,0.206791369,0.838344518,0.968217272,,,,,,,,,,,,,,,,,,,,,,,,,,,,,,,,,,,,,,,,,,,,,,,,,,,,,,,,,,,,,,,,,,,,,,,,,,,,,,,,,,,,,,,,,,,,,,,
180314 S3B2R1D,D,Spruce,March,180619,0.0257,0.76,40,11.9,22.1,38.2,411.7,190.5,111.4,509.1,122,0.05126784,0.364333354,0.415601195,7.106469685,0.002745751,0.00793562,0.010378658,0.069213658,0.075023644,0.047902327,0.512990965,0.088148053,0.212097689,0.851109486,0.968850686,,,,,,,,,,,,,,,,,,,,,,,,,,,,,,,,,,,,,,,,,,,,,,,,,,,,,,,,,,,,,,,,,,,,,,,,,,,,,,,,,,,,,,,,,,,,,,,
180314 S9B1R1D,D,Spruce,March,180619,0.0269,0.71,40,22.4,41.8,53.7,665.8,273.6,382.4,807.4,164.1,0.157073643,0.515715494,0.672789138,3.283272,0.004613047,0.013396473,0.013022,0.099903414,0.096171163,0.057508357,0.423036636,0.11380621,0.169155838,0.84504319,0.959465772,,,,,,,,,,,,,,,,,,,,,,,,,,,,,,,,,,,,,,,,,,,,,,,,,,,,,,,,,,,,,,,,,,,,,,,,,,,,,,,,,,,,,,,,,,,,,,,
180314 S9B2R1D,D,Spruce,March,180619,0.0253,0.72,40,17.7,27.6,45.5,503.9,259.9,244.1,722.8,134.2,0.10810832,0.497789217,0.605897538,4.604541229,0.00393024,0.009537382,0.011896542,0.081524248,0.098501073,0.050708504,0.422675407,0.114327854,0.188691729,0.861566709,0.96562308,,,,,,,,,,,,,,,,,,,,,,,,,,,,,,,,,,,,,,,,,,,,,,,,,,,,,,,,,,,,,,,,,,,,,,,,,,,,,,,,,,,,,,,,,,,,,,,
,,,,,,,,,,,,,,,,,,,,,,,,,,,,,,,,,,,,,,,,,,,,,,,,,,,,,,,,,,,,,,,,,,,,,,,,,,,,,,,,,,,,,,,,,,,,,,,,,,,,,,,,,,,,,,,,,,,,,,,,,,,,,
180314 S3B1R1,L,Spruce,March,180619,0.0255,0.73,40,13.3,30.5,17.8,494.4,311.6,263.3,712.6,138.4,0.117304022,0.493678102,0.610982124,4.208535166,0.002970764,0.010602069,0.004681662,0.080462146,0.118796278,0.052605976,0.442106051,0.126448703,0.206959743,0.939481978,0.976506176,,,,,,,,,,,,,,,,,,,,,,,,,,,,,,,,,,,,,,,,,,,,,,,,,,,,,,,,,,,,,,,,,,,,,,,,,,,,,,,,,,,,,,,,,,,,,,,
180314 S3B2R1,L,Spruce,March,180619,0.0254,0.74,40,5.8,12.8,20.5,326.2,276.2,105.5,573.9,101.2,0.047833243,0.404622094,0.452455338,8.459014446,0.001318438,0.004528101,0.00548718,0.054027196,0.107162881,0.03914667,0.467826212,0.1139685,0.25188895,0.940285094,0.988431556,,,,,,,,,,,,,,,,,,,,,,,,,,,,,,,,,,,,,,,,,,,,,,,,,,,,,,,,,,,,,,,,,,,,,,,,,,,,,,,,,,,,,,,,,,,,,,,
180314 S9B2R1,L,Spruce,March,180622,0.0234,0.71,40,14.5,30.7,18.9,496.2,295.7,251.5,251.5,644.6,0.118757171,0.184669786,0.303426958,1.55502008,0.003432767,0.011310687,0.005268678,0.085591319,0.119485862,0.259686338,1.597668363,0.128187307,0.422465121,0.932119297,0.973220698,,,,,,,,,,,,,,,,,,,,,,,,,,,,,,,,,,,,,,,,,,,,,,,,,,,,,,,,,,,,,,,,,,,,,,,,,,,,,,,,,,,,,,,,,,,,,,,
,,,,,,,,,,,,,,,,,,,,,,,,,,,,,,,,,,,,,,,,,,,,,,,,,,,,,,,,,,,,,,,,,,,,,,,,,,,,,,,,,,,,,,,,,,,,,,,,,,,,,,,,,,,,,,,,,,,,,,,,,,,,,
180410 P10B1R1D,D,Pine,April,180622,0.0238,0.74,40,37.3,60.2,57.5,684.9,276.4,560.4,1002.6,283.1,0.271164139,0.754393311,1.02555745,2.782054127,0.009048933,0.022727903,0.016425551,0.121063269,0.114449924,0.116872125,0.390604842,0.139924408,0.136437416,0.817941095,0.935329846,,,,,,,,,,,,,,,,,,,,,,,,,,,,,,,,,,,,,,,,,,,,,,,,,,,,,,,,,,,,,,,,,,,,,,,,,,,,,,,,,,,,,,,,,,,,,,,
180410 P10B1R2D,D,Pine,April,180627,0.0274,0.72,40,33.4,109.6,25.5,910.9,454.7,631.9,1146.6,255.4,0.258410201,0.729137168,0.987547369,2.821626878,0.006847975,0.0349704,0.006156296,0.136076492,0.159121767,0.089108501,0.43773235,0.172126038,0.174296488,0.924449136,0.960215344,,,,,,,,,,,,,,,,,,,,,,,,,,,,,,,,,,,,,,,,,,,,,,,,,,,,,,,,,,,,,,,,,,,,,,,,,,,,,,,,,,,,,,,,,,,,,,,
180411 P2B1R1D,D,Pine,April,180627,0.0276,0.74,40,25.4,61.9,79.7,695.4,322.4,420.1,857.9,172.7,0.175289008,0.556640333,0.731929341,3.17555755,0.005313616,0.020152151,0.019632622,0.105995589,0.115117242,0.061479636,0.447708319,0.14006348,0.191362024,0.821893345,0.962062805,,,,,,,,,,,,,,,,,,,,,,,,,,,,,,,,,,,,,,,,,,,,,,,,,,,,,,,,,,,,,,,,,,,,,,,,,,,,,,,,,,,,,,,,,,,,,,,
180411 P9B1R1D,D,Pine,April,180627,0.0259,0.75,40,46.1,87.2,90.8,761.1,259.4,562.1,1072.6,205.1,0.253311233,0.751648263,1.004959496,2.967291475,0.010415886,0.030660985,0.024157095,0.125294986,0.100035507,0.078857584,0.367598936,0.134608487,0.133944191,0.743158987,0.922620885,,,,,,,,,,,,,,,,,,,,,,,,,,,,,,,,,,,,,,,,,,,,,,,,,,,,,,,,,,,,,,,,,,,,,,,,,,,,,,,,,,,,,,,,,,,,,,,
180411 P9B1R2D,D,Pine,April,180627,0.0266,0.75,40,26.5,59.4,70.4,573.4,259.2,329.2,687.1,148.7,0.144450423,0.468829511,0.613279934,3.245608436,0.005829875,0.020336405,0.018236842,0.091911062,0.097327895,0.055668165,0.471742557,0.121394612,0.197943232,0.801748059,0.95197583,,,,,,,,,,,,,,,,,,,,,,,,,,,,,,,,,,,,,,,,,,,,,,,,,,,,,,,,,,,,,,,,,,,,,,,,,,,,,,,,,,,,,,,,,,,,,,,
,,,,,,,,,,,,,,,,,,,,,,,,,,,,,,,,,,,,,,,,,,,,,,,,,,,,,,,,,,,,,,,,,,,,,,,,,,,,,,,,,,,,,,,,,,,,,,,,,,,,,,,,,,,,,,,,,,,,,,,,,,,,,
180410 P10B1R1,L,Pine,April,180622,0.0251,0.74,40,44.7,74.1,64.2,802.6,290.4,664.1,1156,303.9,0.30469887,0.824766853,1.129465722,2.7068261,0.010282514,0.026526767,0.017389631,0.134520237,0.114019023,0.11896111,0.373361735,0.141691168,0.125449729,0.804700988,0.927430101,,,,,,,,,,,,,,,,,,,,,,,,,,,,,,,,,,,,,,,,,,,,,,,,,,,,,,,,,,,,,,,,,,,,,,,,,,,,,,,,,,,,,,,,,,,,,,,
180410 P10B1R2,L,Pine,April,180622,0.0247,0.69,40,34.2,51.8,52,613.6,246,515,907.1,252.7,0.22389208,0.61322898,0.83712106,2.738948961,0.007454388,0.017570738,0.013346053,0.097446884,0.091518723,0.093728937,0.383535594,0.112319164,0.134173143,0.814809509,0.933632087,,,,,,,,,,,,,,,,,,,,,,,,,,,,,,,,,,,,,,,,,,,,,,,,,,,,,,,,,,,,,,,,,,,,,,,,,,,,,,,,,,,,,,,,,,,,,,,
180411 P2B1R1,L,Pine,April,180622,0.0248,0.71,40,28.8,44.5,56.2,495.5,245.5,362.4,731.1,168.7,0.161463448,0.506522589,0.667986036,3.137072794,0.006433287,0.015469447,0.014782243,0.080645622,0.093601082,0.064126577,0.411772468,0.114816612,0.171884749,0.81522247,0.943969022,,,,,,,,,,,,,,,,,,,,,,,,,,,,,,,,,,,,,,,,,,,,,,,,,,,,,,,,,,,,,,,,,,,,,,,,,,,,,,,,,,,,,,,,,,,,,,,
180411 P2B1R2,L,Pine,April,180622,0.0237,0.76,40,30.4,40,55.1,503.5,234.4,418.2,801,186.9,0.208702975,0.621603038,0.830306013,2.978410053,0.007606285,0.01557519,0.016233576,0.091789962,0.100102646,0.079577604,0.374422512,0.123942508,0.149273287,0.807653874,0.938630536,,,,,,,,,,,,,,,,,,,,,,,,,,,,,,,,,,,,,,,,,,,,,,,,,,,,,,,,,,,,,,,,,,,,,,,,,,,,,,,,,,,,,,,,,,,,,,,
180411 P9B1R1,L,Pine,April,180627,0.0236,0.72,40,24.2,67.9,55.9,636,280.7,435.9,865.1,182.3,0.206960148,0.638707729,0.845667877,3.086138728,0.005760625,0.025153497,0.015668581,0.110308271,0.114047458,0.073845404,0.407705964,0.135476664,0.160200793,0.841823638,0.957478836,,,,,,,,,,,,,,,,,,,,,,,,,,,,,,,,,,,,,,,,,,,,,,,,,,,,,,,,,,,,,,,,,,,,,,,,,,,,,,,,,,,,,,,,,,,,,,,
180411 P9B1R2,L,Pine,April,180627,0.023,0.71,40,42.5,68.8,77,592.3,180.9,412.4,793.3,168.7,0.198120098,0.592629591,0.790749689,2.991264379,0.010236541,0.025788558,0.021838288,0.103944787,0.074368973,0.069145179,0.386117542,0.106443802,0.134611247,0.698668892,0.9038315,,,,,,,,,,,,,,,,,,,,,,,,,,,,,,,,,,,,,,,,,,,,,,,,,,,,,,,,,,,,,,,,,,,,,,,,,,,,,,,,,,,,,,,,,,,,,,,
,,,,,,,,,,,,,,,,,,,,,,,,,,,,,,,,,,,,,,,,,,,,,,,,,,,,,,,,,,,,,,,,,,,,,,,,,,,,,,,,,,,,,,,,,,,,,,,,,,,,,,,,,,,,,,,,,,,,,,,,,,,,,
180410 S3B1R1D,D,Spruce,April,180627,0.025,0.8,40,26.9,70.9,49.9,651.9,168.6,405.1,730.7,148.5,0.2017398,0.56585408,0.76759388,2.804870829,0.006716392,0.027548904,0.0146706,0.118593648,0.071850576,0.06309468,0.394055773,0.093237568,0.121467316,0.770618298,0.927964745,,,,,,,,,,,,,,,,,,,,,,,,,,,,,,,,,,,,,,,,,,,,,,,,,,,,,,,,,,,,,,,,,,,,,,,,,,,,,,,,,,,,,,,,,,,,,,,
180410 S3B2R1D,D,Spruce,April,180622,0.0216,0.78,40,20.8,36.9,34.6,482.1,205.2,305.1,653.6,135,0.171459844,0.571173778,0.742633622,3.331239346,0.005860544,0.016179881,0.011479271,0.098971113,0.098682675,0.064727813,0.398448559,0.11602249,0.156231131,0.85054781,0.949487859,,,,,,,,,,,,,,,,,,,,,,,,,,,,,,,,,,,,,,,,,,,,,,,,,,,,,,,,,,,,,,,,,,,,,,,,,,,,,,,,,,,,,,,,,,,,,,,
180410 S9B1R1D,D,Spruce,April,180627,0.0244,0.69,40,15.6,54.1,31,662.8,351.9,341.1,854.4,136,0.150113706,0.584703738,0.734817444,3.895072286,0.003442054,0.018576532,0.008054124,0.106554607,0.132526045,0.051063959,0.435778061,0.144022222,0.195997283,0.920177751,0.976100538,,,,,,,,,,,,,,,,,,,,,,,,,,,,,,,,,,,,,,,,,,,,,,,,,,,,,,,,,,,,,,,,,,,,,,,,,,,,,,,,,,,,,,,,,,,,,,,
180410 S9B2R1D,D,Spruce,April,180627,0.0225,0.74,40,8.7,37.7,28.9,491.9,267,252.4,679.8,109.8,0.129186733,0.541060373,0.670247107,4.188203845,0.002232555,0.015055621,0.008732617,0.091972183,0.116945407,0.047947708,0.422062381,0.127910579,0.190840926,0.914274706,0.982545968,,,,,,,,,,,,,,,,,,,,,,,,,,,,,,,,,,,,,,,,,,,,,,,,,,,,,,,,,,,,,,,,,,,,,,,,,,,,,,,,,,,,,,,,,,,,,,,
,,,,,,,,,,,,,,,,,,,,,,,,,,,,,,,,,,,,,,,,,,,,,,,,,,,,,,,,,,,,,,,,,,,,,,,,,,,,,,,,,,,,,,,,,,,,,,,,,,,,,,,,,,,,,,,,,,,,,,,,,,,,,
180410 S3B1R1,L,Spruce,April,180627,0.0246,0.72,40,27.9,82.3,43.9,711.9,194.1,468.4,864,169.3,0.213350488,0.611964878,0.825315366,2.868354717,0.006371407,0.029248617,0.011804817,0.118453215,0.075656393,0.065791632,0.372374117,0.093832617,0.113693045,0.806290979,0.93209816,,,,,,,,,,,,,,,,,,,,,,,,,,,,,,,,,,,,,,,,,,,,,,,,,,,,,,,,,,,,,,,,,,,,,,,,,,,,,,,,,,,,,,,,,,,,,,,
180410 S3B2R1,L,Spruce,April,180627,0.025,0.74,40,23.5,68.3,31.8,575.7,178,337.7,643.9,136.1,0.155561505,0.461238448,0.616799953,2.964990908,0.005427419,0.024548249,0.00864801,0.096876493,0.070167244,0.053489205,0.420163166,0.084242673,0.13658022,0.832918063,0.935573993,,,,,,,,,,,,,,,,,,,,,,,,,,,,,,,,,,,,,,,,,,,,,,,,,,,,,,,,,,,,,,,,,,,,,,,,,,,,,,,,,,,,,,,,,,,,,,,
180410 S9B1R1,L,Spruce,April,180622,0.0249,0.70,40,22.1,44.1,22.1,620.8,342.5,352.5,909.1,143.5,0.15421875,0.61848008,0.77269883,4.010407816,0.004847577,0.015053774,0.005708057,0.099215807,0.128227736,0.053563248,0.396812041,0.13878337,0.17960862,0.923941647,0.965070907,,,,,,,,,,,,,,,,,,,,,,,,,,,,,,,,,,,,,,,,,,,,,,,,,,,,,,,,,,,,,,,,,,,,,,,,,,,,,,,,,,,,,,,,,,,,,,,
180410 S9B2R1,L,Spruce,April,180627,0.0264,0.71,40,14.9,58.6,18.9,673.9,355.8,331.6,789.2,150.2,0.138786847,0.513637667,0.652424513,3.700910276,0.003126615,0.019136396,0.004669964,0.103033949,0.127433341,0.053634059,0.476736112,0.135229921,0.207272901,0.942345748,0.976879263,,,,,,,,,,,,,,,,,,,,,,,,,,,,,,,,,,,,,,,,,,,,,,,,,,,,,,,,,,,,,,,,,,,,,,,,,,,,,,,,,,,,,,,,,,,,,,,
,,,,,,,,,,,,,,,,#DIV/0!,#DIV/0!,#DIV/0!,#DIV/0!,#DIV/0!,#DIV/0!,#DIV/0!,#DIV/0!,#DIV/0!,#DIV/0!,,,,#DIV/0!,#DIV/0!,,,,,,,,,,,,,,,,,,,,,,,,,,,,,,,,,,,,,,,,,,,,,,,,,,,,,,,,,,,,,,,,,,,,,,,,,,,,,,,,,,,,,,,,,,,,,,,
180515 P2B1R1D,D,Pine,May,180711,0.025,0.8,40,110,62.3,43.9,504.4,9.2,363.5,603.2,117.4,0.181023,0.46711808,0.64814108,2.580434972,#REF!,#REF!,#REF!,#REF!,#REF!,#REF!,,,,#REF!,#REF!,,,,,,,,,,,,,,,,,,,,,,,,,,,,,,,,,,,,,,,,,,,,,,,,,,,,,,,,,,,,,,,,,,,,,,,,,,,,,,,,,,,,,,,,,,,,,,,
180515 S9B1R1D,D,Spruce,May,180711,0.0256,0.72,40,94.1,68,58.7,701.3,20,507.5,823.4,173.8,0.2274615,0.573876864,0.801338364,2.522962629,0.021145399,0.023779872,0.01553202,0.114822446,0.00767088,0.06645973,0.31124224,0.044348299,0.055342788,0.172968978,0.523197065,,,,,,,,,,,,,,,,,,,,,,,,,,,,,,,,,,,,,,,,,,,,,,,,,,,,,,,,,,,,,,,,,,,,,,,,,,,,,,,,,,,,,,,,,,,,,,,
180515 S3B1R1,L,Spruce,May,180711,0.0241,0.74,40,87,48.1,30.5,497.4,11.2,342.8,573.9,133.8,0.163807905,0.426448183,0.590256087,2.603343127,0.020843359,0.017933616,0.008604227,0.086826227,0.004579894,0.054549039,0.327546577,0.03402748,0.057648673,0.134593975,0.38745511,,,,,,,,,,,,,,,,,,,,,,,,,,,,,,,,,,,,,,,,,,,,,,,,,,,,,,,,,,,,,,,,,,,,,,,,,,,,,,,,,,,,,,,,,,,,,,,
180515 S9B1R2D,D,Spruce,May,180711,0.0244,0.72,40,84.9,53,51.6,607.3,16.4,449.9,758.1,158.2,0.206603668,0.541357967,0.747961635,2.620272778,0.019547181,0.018990074,0.013989098,0.101877064,0.006444797,0.061981982,0.297916611,0.039981076,0.053453378,0.161196179,0.51108917,,,,,,,,,,,,,,,,,,,,,,,,,,,,,,,,,,,,,,,,,,,,,,,,,,,,,,,,,,,,,,,,,,,,,,,,,,,,,,,,,,,,,,,,,,,,,,,
180515 P10B1R2D,D,Pine,May,180711,0.0267,0.71,40,139.7,85,68.7,811.5,13.3,634,979.8,176.9,0.262370927,0.630521483,0.89289241,2.403168257,0.028985265,0.027445688,0.016784221,0.122677829,0.004710006,0.062458454,0.2946172,0.050479491,0.056534797,0.093305333,0.425801168,,,,,,,,,,,,,,,,,,,,,,,,,,,,,,,,,,,,,,,,,,,,,,,,,,,,,,,,,,,,,,,,,,,,,,,,,,,,,,,,,,,,,,,,,,,,,,,
180515 P2B1R1,L,Pine,May,180711,0.0235,0.73,40,126.8,71.9,33,578.7,7,531.6,812.8,129.2,0.25699184,0.611018077,0.868009917,2.37757773,0.030733217,0.027120145,0.009418165,0.102197189,0.002895848,0.05328854,0.259966043,0.04304723,0.049593017,0.06727141,0.28605819,,,,,,,,,,,,,,,,,,,,,,,,,,,,,,,,,,,,,,,,,,,,,,,,,,,,,,,,,,,,,,,,,,,,,,,,,,,,,,,,,,,,,,,,,,,,,,,
180515 P9B1R1D,D,Pine,May,180711,0.0247,0.76,40,108.3,45.9,42.4,462.1,11.5,321.9,533.3,114.5,0.154140577,0.397103385,0.551243962,2.576241717,0.026000331,0.017148946,0.011986154,0.080831954,0.004712346,0.046777654,0.340062473,0.042698831,0.077459045,0.110362417,0.391076282,,,,,,,,,,,,,,,,,,,,,,,,,,,,,,,,,,,,,,,,,,,,,,,,,,,,,,,,,,,,,,,,,,,,,,,,,,,,,,,,,,,,,,,,,,,,,,,
180515 P9B1R2D,D,Pine,May,180711,0.023,0.72,40,136.4,55,57.8,566.1,21.5,357,603.1,183.2,0.173921087,0.456887583,0.63080867,2.626982102,0.033315997,0.020906217,0.016623783,0.10074611,0.008963257,0.076145885,0.406939949,0.058903036,0.093377023,0.152169687,0.434392538,,,,,,,,,,,,,,,,,,,,,,,,,,,,,,,,,,,,,,,,,,,,,,,,,,,,,,,,,,,,,,,,,,,,,,,,,,,,,,,,,,,,,,,,,,,,,,,
180515 S9B1R2,L,Spruce,May,180711,0.0247,0.72,40,104.4,59.4,31.4,630.3,10.1,619.5,946.3,174.7,0.281032287,0.667543773,0.948576061,2.375327687,0.023744871,0.021024714,0.008409352,0.104451172,0.003920845,0.067615266,0.241589715,0.036075068,0.038030759,0.108685714,0.341792752,,,,,,,,,,,,,,,,,,,,,,,,,,,,,,,,,,,,,,,,,,,,,,,,,,,,,,,,,,,,,,,,,,,,,,,,,,,,,,,,,,,,,,,,,,,,,,,
,,,,,,,,,,,,,,,,#DIV/0!,#DIV/0!,#DIV/0!,#DIV/0!,#DIV/0!,#DIV/0!,#DIV/0!,#DIV/0!,#DIV/0!,#DIV/0!,,,,#DIV/0!,#DIV/0!,,,,,,,,,,,,,,,,,,,,,,,,,,,,,,,,,,,,,,,,,,,,,,,,,,,,,,,,,,,,,,,,,,,,,,,,,,,,,,,,,,,,,,,,,,,,,,,
180515 P10B1R1,L,Pine,May,180710,0.0251,0.8,40,127.8,82,31.1,659.1,7.9,558.1,850.8,197.8,0.276826494,0.656234582,0.933061076,2.370562774,0.031781976,0.03173498,0.009106972,0.119425769,0.003353251,0.083706438,0.29913303,0.044242199,0.047416188,0.075793045,0.281636612,,,,,,,,,,,,,,,,,,,,,,,,,,,,,,,,,,,,,,,,,,,,,,,,,,,,,,,,,,,,,,,,,,,,,,,,,,,,,,,,,,,,,,,,,,,,,,,
180515 P2B1R1,L,Pine,May,180710,0.0269,0.72,40,132.7,72.4,46.8,578.8,18.9,377.2,653.4,128.9,0.157119926,0.423228312,0.580348238,2.693664158,0.027713088,0.023530269,0.011508625,0.088072274,0.006736972,0.045808856,0.350427673,0.045958684,0.079191563,0.146587569,0.396999972,,,,,,,,,,,,,,,,,,,,,,,,,,,,,,,,,,,,,,,,,,,,,,,,,,,,,,,,,,,,,,,,,,,,,,,,,,,,,,,,,,,,,,,,,,,,,,,
180515 P10B1R2,L,Pine,May,180710,0.0268,0.73,40,150.6,104.2,52.3,849.4,18.8,625.7,1015.5,206.4,0.265236681,0.669396381,0.934633062,2.523770004,0.032007136,0.034463858,0.013088417,0.131531809,0.006819753,0.074647294,0.313019385,0.051915305,0.055546189,0.131363046,0.383473989,,,,,,,,,,,,,,,,,,,,,,,,,,,,,,,,,,,,,,,,,,,,,,,,,,,,,,,,,,,,,,,,,,,,,,,,,,,,,,,,,,,,,,,,,,,,,,,
180611 P2B1R1,L,Pine,June,180710,0.0272,0.7,40,82.4,72.7,32.9,548.9,22.9,466.4,927.3,178.7,0.186795772,0.577516985,0.764312757,3.09170266,0.01654589,0.022718082,0.007778975,0.080306895,0.007848512,0.061061856,0.256779973,0.032173377,0.042094518,0.243944302,0.48572729,,,,,,,,,,,,,,,,,,,,,,,,,,,,,,,,,,,,,,,,,,,,,,,,,,,,,,,,,,,,,,,,,,,,,,,,,,,,,,,,,,,,,,,,,,,,,,,
180611 P10B1R2,L,Pine,June,180710,0.024,0.71,40,99,80,13.4,563.4,0,492.4,881.4,177.3,0.226696344,0.63100895,0.857705294,2.783498576,0.022851572,0.02873725,0.003642078,0.094753316,0,0.069642147,0.256062735,0.02649365,0.03088899,0,0.137469851,,,,,,,,,,,,,,,,,,,,,,,,,,,,,,,,,,,,,,,,,,,,,,,,,,,,,,,,,,,,,,,,,,,,,,,,,,,,,,,,,,,,,,,,,,,,,,,
180611 P9B1R1D,D,Pine,June,180710,0.0264,0.71,40,133,85.6,26.4,648.2,0,593,1125.5,233.8,0.248192401,0.732512917,0.980705317,2.9513914,0.027908715,0.027953507,0.006523125,0.099104624,0,0.083486305,0.24979601,0.03443184,0.035109262,0,0.189450375,,,,,,,,,,,,,,,,,,,,,,,,,,,,,,,,,,,,,,,,,,,,,,,,,,,,,,,,,,,,,,,,,,,,,,,,,,,,,,,,,,,,,,,,,,,,,,,
180611 P9B1R2D,D,Pine,June,180710,0.0249,0.76,40,112.2,74,25.7,550.5,0,519.5,948.4,212.1,0.2467625,0.700520996,0.947283496,2.838847053,0.026720272,0.02742547,0.007206837,0.095521699,0,0.085955016,0.25634279,0.03392711,0.03581516,0,0.2124212,,,,,,,,,,,,,,,,,,,,,,,,,,,,,,,,,,,,,,,,,,,,,,,,,,,,,,,,,,,,,,,,,,,,,,,,,,,,,,,,,,,,,,,,,,,,,,,
180611 P10B1R2D,D,Pine,June,180710,0.0252,0.73,40,111.3,79.9,19,643.2,0,638,1099.7,228.9,0.287622173,0.770924611,1.058546784,2.680337903,0.02515656,0.028104587,0.005056771,0.105925086,0,0.08804089,0.238330415,0.030213331,0.028542273,0,0.167368861,,,,,,,,,,,,,,,,,,,,,,,,,,,,,,,,,,,,,,,,,,,,,,,,,,,,,,,,,,,,,,,,,,,,,,,,,,,,,,,,,,,,,,,,,,,,,,,
180611 P2B1R2,L,Pine,June,180710,0.0245,0.71,40,78.5,61.2,31.1,492.6,15.3,436.4,808,130.7,0.196814173,0.566655347,0.76346952,2.87913892,0.017749891,0.021535343,0.008280375,0.081155347,0.005904816,0.050290293,0.242204909,0.031935083,0.04182889,0.184900615,0.444188341,,,,,,,,,,,,,,,,,,,,,,,,,,,,,,,,,,,,,,,,,,,,,,,,,,,,,,,,,,,,,,,,,,,,,,,,,,,,,,,,,,,,,,,,,,,,,,,
180611 S3B1R1D,D,Spruce,June,180710,0.0272,0.74,40,79.5,47.1,16.9,458.4,10.8,303.9,590.5,128.3,0.12866869,0.388774779,0.51744347,3.021518123,0.016875775,0.015559364,0.004224223,0.070898638,0.003912995,0.046345309,0.304992358,0.025012993,0.048339567,0.15643849,0.325319653,,,,,,,,,,,,,,,,,,,,,,,,,,,,,,,,,,,,,,,,,,,,,,,,,,,,,,,,,,,,,,,,,,,,,,,,,,,,,,,,,,,,,,,,,,,,,,,
180611 P2B1R1D,D,Pine,June,180710,0.0228,0.7,40,77.9,48.2,20.7,407.8,9.3,348.4,732.3,155.2,0.166464145,0.544086053,0.710550197,3.268487959,0.018660979,0.01796877,0.005838898,0.071177197,0.003802497,0.063266123,0.254330327,0.028302374,0.039831632,0.134352571,0.340656751,,,,,,,,,,,,,,,,,,,,,,,,,,,,,,,,,,,,,,,,,,,,,,,,,,,,,,,,,,,,,,,,,,,,,,,,,,,,,,,,,,,,,,,,,,,,,,,
180611 S9B1R1,L,Spruce,June,180710,0.0264,0.71,40,82.9,63.5,22.8,552.9,11,423.6,807.6,174.3,0.177292244,0.525613,0.702905244,2.964670011,0.017395733,0.020736538,0.005633608,0.084534012,0.00393976,0.06223979,0.276679457,0.026969101,0.038368047,0.146084231,0.354975432,,,,,,,,,,,,,,,,,,,,,,,,,,,,,,,,,,,,,,,,,,,,,,,,,,,,,,,,,,,,,,,,,,,,,,,,,,,,,,,,,,,,,,,,,,,,,,,
,,,,,,,,,,,,,,,,#DIV/0!,#DIV/0!,#DIV/0!,#DIV/0!,#DIV/0!,#DIV/0!,#DIV/0!,#DIV/0!,#DIV/0!,#DIV/0!,,,,#DIV/0!,#DIV/0!,,,,,,,,,,,,,,,,,,,,,,,,,,,,,,,,,,,,,,,,,,,,,,,,,,,,,,,,,,,,,,,,,,,,,,,,,,,,,,,,,,,,,,,,,,,,,,,
180611 P9B1R2,L,Pine,June,180709,0.0264,0.78,40,76.4,54.7,36.1,472,52.1,379.6,767.8,196.9,0.174540511,0.548977,0.723517511,3.145269804,0.01761237,0.019623936,0.009799304,0.079279909,0.02049987,0.077241856,0.309677709,0.047911544,0.066220297,0.427869111,0.632398189,,,,,,,,,,,,,,,,,,,,,,,,,,,,,,,,,,,,,,,,,,,,,,,,,,,,,,,,,,,,,,,,,,,,,,,,,,,,,,,,,,,,,,,,,,,,,,,
180611 S3B1R2,L,Spruce,June,180709,0.0273,0.75,40,58.6,88.1,39.8,675.1,72.9,579.4,934.6,181.1,0.247717376,0.621354945,0.869072321,2.508322,0.012561168,0.029388853,0.010045673,0.105438008,0.026671587,0.06605921,0.287852337,0.049278427,0.056702332,0.54124265,0.745098042,,,,,,,,,,,,,,,,,,,,,,,,,,,,,,,,,,,,,,,,,,,,,,,,,,,,,,,,,,,,,,,,,,,,,,,,,,,,,,,,,,,,,,,,,,,,,,,
180611 S9B1R2,L,Spruce,June,180709,0.0246,0.7,40,95.2,110.7,19.5,689.9,13.9,606.4,1003.7,195.2,0.268535366,0.691165772,0.959701138,2.573835182,0.021136528,0.038248875,0.005097942,0.111603945,0.00526745,0.073749496,0.265816332,0.031501921,0.03282472,0.167210446,0.329040009,,,,,,,,,,,,,,,,,,,,,,,,,,,,,,,,,,,,,,,,,,,,,,,,,,,,,,,,,,,,,,,,,,,,,,,,,,,,,,,,,,,,,,,,,,,,,,,
180611 P10B1R1,L,Pine,June,180709,0.0237,0.72,40,98.3,72.9,15.7,512.5,0,484.4,944.6,218,0.229016962,0.694460354,0.923477316,3.032353361,0.023300833,0.026891795,0.004382089,0.088513291,0,0.087934025,0.250165357,0.027682922,0.029976829,0,0.158295742,,,,,,,,,,,,,,,,,,,,,,,,,,,,,,,,,,,,,,,,,,,,,,,,,,,,,,,,,,,,,,,,,,,,,,,,,,,,,,,,,,,,,,,,,,,,,,,
180611 P10B1R1D,D,Pine,June,180709,0.0261,0.69,40,120,92.4,20.7,628.2,0,547.3,1045.8,217.2,0.225171487,0.669071586,0.894243073,2.971386808,0.024752759,0.029661197,0.00502778,0.094414128,0,0.076240321,0.257308321,0.029780539,0.03330251,0,0.16882771,,,,,,,,,,,,,,,,,,,,,,,,,,,,,,,,,,,,,,,,,,,,,,,,,,,,,,,,,,,,,,,,,,,,,,,,,,,,,,,,,,,,,,,,,,,,,,,
180611 S3B1R1,L,Spruce,June,180709,0.025,0.73,40,32.9,73.5,29.9,655.7,123.2,380.2,607.1,147.6,0.172772385,0.429001144,0.601773529,2.483042322,0.007495706,0.026060234,0.008021423,0.108847511,0.047908907,0.057224963,0.424675947,0.063426035,0.105398513,0.75535081,0.881819735,,,,,,,,,,,,,,,,,,,,,,,,,,,,,,,,,,,,,,,,,,,,,,,,,,,,,,,,,,,,,,,,,,,,,,,,,,,,,,,,,,,,,,,,,,,,,,,
180611 S9B1R2D,D,Spruce,June,180709,0.0247,0.72,40,86.2,83.4,18.6,612.7,10.6,531.5,906.6,167.8,0.24111164,0.639538397,0.880650036,2.652457582,0.01960544,0.029519548,0.004981336,0.10153456,0.004114946,0.064944714,0.255153052,0.028701721,0.032591518,0.143369301,0.316924607,,,,,,,,,,,,,,,,,,,,,,,,,,,,,,,,,,,,,,,,,,,,,,,,,,,,,,,,,,,,,,,,,,,,,,,,,,,,,,,,,,,,,,,,,,,,,,,
180611 P2B1R2D,D,Pine,June,180709,0.0267,0.73,40,113,76.7,24.3,570.3,5.7,458.9,906.4,158.9,0.385665562,0.599717693,0.985383255,1.55502008,0.024105926,0.025463323,0.00610401,0.088643203,0.167090732,0.057683527,0.374565651,0.197300668,0.20022734,0.846883763,0.877821366,,,,,,,,,,,,,,,,,,,,,,,,,,,,,,,,,,,,,,,,,,,,,,,,,,,,,,,,,,,,,,,,,,,,,,,,,,,,,,,,,,,,,,,,,,,,,,,
180411 P2B1R2D,D,Pine,April,180709,0.0264,0.7,40,29.5,84.5,41.5,648.3,253.4,481,849.2,146.8,0.198480824,0.544903333,0.743384157,2.745370171,0.006103092,0.027205639,0.01010973,0.097723858,0.089479475,0.051681663,0.379754471,0.105692297,0.142177226,0.846603562,0.942256039,,,,,,,,,,,,,,,,,,,,,,,,,,,,,,,,,,,,,,,,,,,,,,,,,,,,,,,,,,,,,,,,,,,,,,,,,,,,,,,,,,,,,,,,,,,,,,,
180611 P9B1R1,L,Pine,June,180709,0.0251,0.73,40,94.5,69.6,18.8,479.3,6.6,437.8,864.2,158.5,0.198154646,0.608245307,0.806399953,3.069548546,0.021444441,0.024579129,0.005023476,0.079247768,0.002556323,0.061206101,0.24064639,0.02902424,0.035992363,0.08807546,0.261154103,,,,,,,,,,,,,,,,,,,,,,,,,,,,,,,,,,,,,,,,,,,,,,,,,,,,,,,,,,,,,,,,,,,,,,,,,,,,,,,,,,,,,,,,,,,,,,,
180611 S3B1R2D,D,Spruce,June,180709,0.026,0.72,40,89.2,62.9,32.8,604.8,29.9,325.8,576.3,145.3,0.140407269,0.386209662,0.526616931,2.75063865,0.019273375,0.021150367,0.008345077,0.095214129,0.01102689,0.053424575,0.395798921,0.038645342,0.073384162,0.28533555,0.501275594,,,,,,,,,,,,,,,,,,,,,,,,,,,,,,,,,,,,,,,,,,,,,,,,,,,,,,,,,,,,,,,,,,,,,,,,,,,,,,,,,,,,,,,,,,,,,,,
,,,,,,,,,,,,,,,,#DIV/0!,#DIV/0!,#DIV/0!,#DIV/0!,#DIV/0!,#DIV/0!,#DIV/0!,#DIV/0!,#DIV/0!,#DIV/0!,,,,#DIV/0!,#DIV/0!,,,,,,,,,,,,,,,,,,,,,,,,,,,,,,,,,,,,,,,,,,,,,,,,,,,,,,,,,,,,,,,,,,,,,,,,,,,,,,,,,,,,,,,,,,,,,,,
,,,,,,,,,,,,,,,,#DIV/0!,#DIV/0!,#DIV/0!,#DIV/0!,#DIV/0!,#DIV/0!,#DIV/0!,#DIV/0!,#DIV/0!,#DIV/0!,,,,#DIV/0!,#DIV/0!,,,,,,,,,,,,,,,,,,,,,,,,,,,,,,,,,,,,,,,,,,,,,,,,,,,,,,,,,,,,,,,,,,,,,,,,,,,,,,,,,,,,,,,,,,,,,,,
,,,,,,,,,,,,,,,,#DIV/0!,#DIV/0!,#DIV/0!,#DIV/0!,#DIV/0!,#DIV/0!,#DIV/0!,#DIV/0!,#DIV/0!,#DIV/0!,,,,#DIV/0!,#DIV/0!,,,,,,,,,,,,,,,,,,,,,,,,,,,,,,,,,,,,,,,,,,,,,,,,,,,,,,,,,,,,,,,,,,,,,,,,,,,,,,,,,,,,,,,,,,,,,,,
180515 S3B1R2,L,Spruce,May,180713,0.024,0.75,40,72.9,42.2,24.6,428.4,11.3,192.9,417.9,123.1,0.093812695,0.316036875,0.40984957,3.36880711,0.01777507,0.016012922,0.007062891,0.076107938,0.004702742,0.051076883,0.421467919,0.029540703,0.072076941,0.159195337,0.398285469,,,,,,,,,,,,,,,,,,,,,,,,,,,,,,,,,,,,,,,,,,,,,,,,,,,,,,,,,,,,,,,,,,,,,,,,,,,,,,,,,,,,,,,,,,,,,,,
180314 S9B1R1,L,Spruce,March,180713,0.0262,0.72,40,17.2,78.5,13.5,681.1,310.6,372.7,813.6,141.3,0.159393263,0.541075053,0.700468317,3.394591729,0.003688021,0.026194431,0.003408492,0.106407577,0.113672487,0.051557242,0.435320547,0.120769001,0.172411796,0.941238946,0.969462185,,,,,,,,,,,,,,,,,,,,,,,,,,,,,,,,,,,,,,,,,,,,,,,,,,,,,,,,,,,,,,,,,,,,,,,,,,,,,,,,,,,,,,,,,,,,,,,
180611 S9B1R1,L,Spruce,June,180713,0.0247,0.71,40,75.1,80.3,19.7,583.3,17.5,387.5,793.5,180.3,0.173345458,0.551980445,0.725325903,3.184279829,0.016843607,0.028027545,0.005202654,0.095319958,0.006699188,0.068813466,0.3045616,0.028745449,0.039631081,0.233052113,0.414042651,,,,,,,,,,,,,,,,,,,,,,,,,,,,,,,,,,,,,,,,,,,,,,,,,,,,,,,,,,,,,,,,,,,,,,,,,,,,,,,,,,,,,,,,,,,,,,,
180611 S9B1R1D,D,Spruce,June,180713,0.0238,0.7,40,72.2,75,7.5,438.3,0,374.4,748,150,0.171370588,0.5324,0.703770588,3.106717468,0.016568838,0.026784926,0.002026654,0.073286338,0,0.058577206,0.251849063,0.018595493,0.026422662,0,0.108986325,,,,,,,,,,,,,,,,,,,,,,,,,,,,,,,,,,,,,,,,,,,,,,,,,,,,,,,,,,,,,,,,,,,,,,,,,,,,,,,,,,,,,,,,,,,,,,,
,,,,,,,,,,,,,,,,#DIV/0!,#DIV/0!,#DIV/0!,#DIV/0!,#DIV/0!,#DIV/0!,#DIV/0!,#DIV/0!,#DIV/0!,#DIV/0!,,,,#DIV/0!,#DIV/0!,,,,,,,,,,,,,,,,,,,,,,,,,,,,,,,,,,,,,,,,,,,,,,,,,,,,,,,,,,,,,,,,,,,,,,,,,,,,,,,,,,,,,,,,,,,,,,,
170809 S3B1R2,L,Spruce,August,180720,0.0241,0.78,40,65.3,74.6,16.8,505.9,18.7,437.3,784.9,133.5,0.220260389,0.61476234,0.835022729,2.7910708,0.016490147,0.029317336,0.00499556,0.093083501,0.008060127,0.057368717,0.250670287,0.029545834,0.035383269,0.27280079,0.441879119,,,,,,,,,,,,,,,,,,,,,,,,,,,,,,,,,,,,,,,,,,,,,,,,,,,,,,,,,,,,,,,,,,,,,,,,,,,,,,,,,,,,,,,,,,,,,,,
170809 S3B2R2,L,Spruce,August,180720,0.0269,0.72,40,68.3,67.2,13.9,476.1,0,423.2,796.5,140.5,0.176280892,0.51591881,0.692199703,2.92668595,0.014263782,0.02184025,0.00341816,0.072445075,0,0.049931297,0.233889965,0.017681942,0.025544567,0,0.193313599,,,,,,,,,,,,,,,,,,,,,,,,,,,,,,,,,,,,,,,,,,,,,,,,,,,,,,,,,,,,,,,,,,,,,,,,,,,,,,,,,,,,,,,,,,,,,,,
180504 S9B1R1D,D,Spruce,May,180720,0.025,0.72,40,86.5,95.8,71.1,812.4,66.6,566.2,1012.2,187.4,0.25377084,0.705462912,0.959233752,2.779921097,0.019437588,0.033501643,0.01881306,0.133012627,0.02554403,0.071660261,0.314802528,0.063794678,0.066505873,0.400410051,0.695310197,,,,,,,,,,,,,,,,,,,,,,,,,,,,,,,,,,,,,,,,,,,,,,,,,,,,,,,,,,,,,,,,,,,,,,,,,,,,,,,,,,,,,,,,,,,,,,,
180504 P10B1R1D,D,Pine,May,180720,0.0249,0.74,40,105.2,63.3,63.3,584.7,42.7,328.3,651.1,179.6,0.15183875,0.468269028,0.620107778,3.083988956,0.024393937,0.02284253,0.017283569,0.098786122,0.016899854,0.07086879,0.404888972,0.05857736,0.094463192,0.288504877,0.583560328,,,,,,,,,,,,,,,,,,,,,,,,,,,,,,,,,,,,,,,,,,,,,,,,,,,,,,,,,,,,,,,,,,,,,,,,,,,,,,,,,,,,,,,,,,,,,,,
180504 S3B1R2,L,Spruce,May,180720,0.023,0.72,40,67.6,46.4,36.5,484.7,51.9,259.6,557.6,142.9,0.126470348,0.422418365,0.548888713,3.340058539,0.016511447,0.017637245,0.010497717,0.086259741,0.021636884,0.059395453,0.386122875,0.048646049,0.088626433,0.444781949,0.660579895,,,,,,,,,,,,,,,,,,,,,,,,,,,,,,,,,,,,,,,,,,,,,,,,,,,,,,,,,,,,,,,,,,,,,,,,,,,,,,,,,,,,,,,,,,,,,,,
180504 P10B1R2,L,Pine,May,180720,0.0254,0.69,40,103.6,90.1,68.1,726.9,48.1,499.1,833.9,191.8,0.210999929,0.548207173,0.759207102,2.59813914,0.021958815,0.029719964,0.016996513,0.11225883,0.017401359,0.069179957,0.352361612,0.056356687,0.07423098,0.30877185,0.610360075,,,,,,,,,,,,,,,,,,,,,,,,,,,,,,,,,,,,,,,,,,,,,,,,,,,,,,,,,,,,,,,,,,,,,,,,,,,,,,,,,,,,,,,,,,,,,,,
180504 P10B1R1,L,Pine,May,180720,0.0233,0.76,40,93.3,62,54.1,565.7,34.5,316.1,589.9,193.9,0.160458058,0.465641236,0.626099294,2.901949843,0.02374505,0.024555991,0.016212586,0.104899718,0.014986474,0.083975344,0.428646328,0.05494411,0.087756225,0.272758521,0.567832656,,,,,,,,,,,,,,,,,,,,,,,,,,,,,,,,,,,,,,,,,,,,,,,,,,,,,,,,,,,,,,,,,,,,,,,,,,,,,,,,,,,,,,,,,,,,,,,
180504 S9B1R2,L,Spruce,May,180720,0.0232,0.75,40,61.1,52.9,37.7,531.7,87.8,313.4,616.6,132,0.157670932,0.48238319,0.640054122,3.059430062,0.015411619,0.020765245,0.011197266,0.097717064,0.037799887,0.056658297,0.374264253,0.064408772,0.100630196,0.58687483,0.760721736,,,,,,,,,,,,,,,,,,,,,,,,,,,,,,,,,,,,,,,,,,,,,,,,,,,,,,,,,,,,,,,,,,,,,,,,,,,,,,,,,,,,,,,,,,,,,,,
180504 S3B1R1D,D,Spruce,May,180720,0.0277,0.71,40,90.4,54.7,37.6,577.9,37.1,282.7,611.9,174.6,0.112767448,0.379554722,0.49232217,3.365818136,0.018079266,0.017024486,0.008854495,0.084209627,0.012664125,0.059420887,0.406751712,0.039597885,0.08043084,0.319818218,0.543428507,,,,,,,,,,,,,,,,,,,,,,,,,,,,,,,,,,,,,,,,,,,,,,,,,,,,,,,,,,,,,,,,,,,,,,,,,,,,,,,,,,,,,,,,,,,,,,,
180504 S3B1R1,L,Spruce,May,180720,0.0262,0.73,40,91.2,57.7,36.9,559.1,43.9,305.1,619.3,153.4,0.132294912,0.417578389,0.549873301,3.156420635,0.019826689,0.019521154,0.009445942,0.0885608,0.016289539,0.056749657,0.382622288,0.04556217,0.082859396,0.357523337,0.564843189,,,,,,,,,,,,,,,,,,,,,,,,,,,,,,,,,,,,,,,,,,,,,,,,,,,,,,,,,,,,,,,,,,,,,,,,,,,,,,,,,,,,,,,,,,,,,,,
180504 S9B1R1,L,Spruce,May,180720,0.0248,0.7,40,57.4,68.9,45.8,637,113,432.6,811.3,154.1,0.190025655,0.554170242,0.744195897,2.916291704,0.012641308,0.023614225,0.011877067,0.102215383,0.042476381,0.057751771,0.336707225,0.066994756,0.090023012,0.63402546,0.811308986,,,,,,,,,,,,,,,,,,,,,,,,,,,,,,,,,,,,,,,,,,,,,,,,,,,,,,,,,,,,,,,,,,,,,,,,,,,,,,,,,,,,,,,,,,,,,,,
180504 S9B1R2D,D,Spruce,May,180720,0.0241,0.76,40,84.7,48.4,40.5,536.9,44.7,239.8,532.1,140.8,0.117686079,0.406073992,0.523760071,3.450484507,0.020840769,0.018533183,0.011734077,0.096254363,0.018772702,0.058954304,0.429756695,0.051347547,0.098036391,0.365600747,0.594123381,,,,,,,,,,,,,,,,,,,,,,,,,,,,,,,,,,,,,,,,,,,,,,,,,,,,,,,,,,,,,,,,,,,,,,,,,,,,,,,,,,,,,,,,,,,,,,,
,,,,,,,,,,,,,,,,#DIV/0!,#DIV/0!,#DIV/0!,#DIV/0!,#DIV/0!,#DIV/0!,#DIV/0!,#DIV/0!,#DIV/0!,#DIV/0!,,,#DIV/0!,#DIV/0!,#DIV/0!,,,,,,,,,,,,,,,,,,,,,,,,,,,,,,,,,,,,,,,,,,,,,,,,,,,,,,,,,,,,,,,,,,,,,,,,,,,,,,,,,,,,,,,,,,,,,,,
180504 P10B1R2D,D,Pine,May,180720,0.0248,0.76,40,133.5,81,49.2,658.9,17.9,376.6,697,220.6,0.17960631,0.516904194,0.696510504,2.877984588,0.031921034,0.030140819,0.013852379,0.11479207,0.007305293,0.089760183,0.413162151,0.053078706,0.076206613,0.137631333,0.398609416,,,,,,,,,,,,,,,,,,,,,,,,,,,,,,,,,,,,,,,,,,,,,,,,,,,,,,,,,,,,,,,,,,,,,,,,,,,,,,,,,,,,,,,,,,,,,,,
170920 S9B1R1,L,Spruce,September,180720,0.023,0.75,40,62,82.6,28.2,552.3,32.1,388.9,770.7,155.2,0.197356182,0.608182826,0.805539008,3.081650748,0.01577462,0.03270556,0.008448505,0.102385614,0.013939948,0.067195696,0.298495716,0.038163073,0.047375823,0.365273211,0.586652275,,,,,,,,,,,,,,,,,,,,,,,,,,,,,,,,,,,,,,,,,,,,,,,,,,,,,,,,,,,,,,,,,,,,,,,,,,,,,,,,,,,,,,,,,,,,,,,
180129 S3B1R1D,D,Spruce,January,180720,0.0274,0.71,40,35.4,72.6,62.7,734.1,249,364.3,997.3,180.5,0.146908296,0.625387175,0.772295471,4.25699019,0.007157228,0.022842967,0.014927005,0.108141771,0.085927037,0.062101387,0.389873316,0.10801127,0.139857443,0.795537701,0.933736289,,,,,,,,,,,,,,,,,,,,,,,,,,,,,,,,,,,,,,,,,,,,,,,,,,,,,,,,,,,,,,,,,,,,,,,,,,,,,,,,,,,,,,,,,,,,,,,
171011 S3B3EX1D,D,Spruce,October,180720,0.0267,0.73,40,90.3,84.7,9.9,513.2,0,482.1,931.8,182.8,0.205129487,0.616523551,0.821653038,3.005533522,0.019263408,0.02811921,0.002486819,0.079768002,0,0.066359652,0.238539971,0.021750227,0.026471304,0,0.114335304,,,,,,,,,,,,,,,,,,,,,,,,,,,,,,,,,,,,,,,,,,,,,,,,,,,,,,,,,,,,,,,,,,,,,,,,,,,,,,,,,,,,,,,,,,,,,,,
170920 S9B1R1,L,Spruce,September,180720,0.0258,0.74,40,80.6,98.2,23.6,627.1,19.2,433.2,825,168.9,0.193365872,0.572639535,0.766005407,2.961430208,0.018037686,0.034200434,0.006219012,0.102253759,0.007333916,0.064321768,0.303348479,0.031590614,0.04124072,0.232154912,0.429017548,,,,,,,,,,,,,,,,,,,,,,,,,,,,,,,,,,,,,,,,,,,,,,,,,,,,,,,,,,,,,,,,,,,,,,,,,,,,,,,,,,,,,,,,,,,,,,,
171011 S3B1R1D,D,Spruce,October,180720,0.0253,0.73,40,66.8,65.6,13.3,461.7,10.4,318.6,605.6,141.8,0.143063048,0.422866783,0.565929831,2.955807158,0.015038779,0.022983401,0.003525749,0.075734312,0.003996303,0.054324393,0.310291004,0.02256083,0.039865066,0.177134561,0.333411988,,,,,,,,,,,,,,,,,,,,,,,,,,,,,,,,,,,,,,,,,,,,,,,,,,,,,,,,,,,,,,,,,,,,,,,,,,,,,,,,,,,,,,,,,,,,,,,
170920 S3B2R1D,D,Spruce,September,180720,0.025,0.74,40,59.6,84.1,29,564.7,25.4,397.8,772.8,165.9,0.18324657,0.553572096,0.736818666,3.020913821,0.013764858,0.030227054,0.00788655,0.095025457,0.010012629,0.065201023,0.301454865,0.031664038,0.042973989,0.316214544,0.56528417,,,,,,,,,,,,,,,,,,,,,,,,,,,,,,,,,,,,,,,,,,,,,,,,,,,,,,,,,,,,,,,,,,,,,,,,,,,,,,,,,,,,,,,,,,,,,,,
180504 S3B1R2D,D,Spruce,May,180720,0.0246,0.74,40,75.4,46.3,32.2,503.5,33.1,240.9,534.7,137.6,0.112774985,0.389244211,0.502019196,3.451511984,0.017697085,0.01691164,0.008899177,0.08610464,0.013260116,0.054958055,0.394070016,0.039856377,0.079392138,0.332697463,0.555978589,,,,,,,,,,,,,,,,,,,,,,,,,,,,,,,,,,,,,,,,,,,,,,,,,,,,,,,,,,,,,,,,,,,,,,,,,,,,,,,,,,,,,,,,,,,,,,,
,,,,,,,,,,,,,,,,,,,,,,,,,,,,,,,,,,,,,,,,,,,,,,,,,,,,,,,,,,,,,,,,,,,,,,,,,,,,,,,,,,,,,,,,,,,,,,,,,,,,,,,,,,,,,,,,,,,,,,,,,,,,,
,,,,,,,,,,,,,,,,,,,,,,,,,,,,,,,,,,,,,,,,,,,,,,,,,,,,,,,,,,,,,,,,,,,,,,,,,,,,,,,,,,,,,,,,,,,,,,,,,,,,,,,,,,,,,,,,,,,,,,,,,,,,,
,,,,,,,,,,,,,,,,,,,,,,,,,,,,,,,,,,,,,,,,,,,,,,,,,,,,,,,,,,,,,,,,,,,,,,,,,,,,,,,,,,,,,,,,,,,,,,,,,,,,,,,,,,,,,,,,,,,,,,,,,,,,,
,,,,,,,,,,,,,,,,,,,,,,,,,,,,,,,,,,,,,,,,,,,,,,,,,,,,,,,,,,,,,,,,,,,,,,,,,,,,,,,,,,,,,,,,,,,,,,,,,,,,,,,,,,,,,,,,,,,,,,,,,,,,,
,,,,,,,,,,,,,,,,,,,,,,,,,,,,,,,,,,,,,,,,,,,,,,,,,,,,,,,,,,,,,,,,,,,,,,,,,,,,,,,,,,,,,,,,,,,,,,,,,,,,,,,,,,,,,,,,,,,,,,,,,,,,,
,,,,,,,,,,,,,,,,,,,,,,,,,,,,,,,,,,,,,,,,,,,,,,,,,,,,,,,,,,,,,,,,,,,,,,,,,,,,,,,,,,,,,,,,,,,,,,,,,,,,,,,,,,,,,,,,,,,,,,,,,,,,,
,,,,,,,,,,,,,,,,,,,,,,,,,,,,,,,,,,,,,,,,,,,,,,,,,,,,,,,,,,,,,,,,,,,,,,,,,,,,,,,,,,,,,,,,,,,,,,,,,,,,,,,,,,,,,,,,,,,,,,,,,,,,,
,,,,,,,,,,,,,,,,,,,,,,,,,,,,,,,,,,,,,,,,,,,,,,,,,,,,,,,,,,,,,,,,,,,,,,,,,,,,,,,,,,,,,,,,,,,,,,,,,,,,,,,,,,,,,,,,,,,,,,,,,,,,,
,,,,,,,,,,,,,,,,,,,,,,,,,,,,,,,,,,,,,,,,,,,,,,,,,,,,,,,,,,,,,,,,,,,,,,,,,,,,,,,,,,,,,,,,,,,,,,,,,,,,,,,,,,,,,,,,,,,,,,,,,,,,,
,,,,,,,,,,,,,,,,,,,,,,,,,,,,,,,,,,,,,,,,,,,,,,,,,,,,,,,,,,,,,,,,,,,,,,,,,,,,,,,,,,,,,,,,,,,,,,,,,,,,,,,,,,,,,,,,,,,,,,,,,,,,,
,,,,,,,,,,,,,,,,,,,,,,,,,,,,,,,,,,,,,,,,,,,,,,,,,,,,,,,,,,,,,,,,,,,,,,,,,,,,,,,,,,,,,,,,,,,,,,,,,,,,,,,,,,,,,,,,,,,,,,,,,,,,,
,,,,,,,,,,,,,,,,,,,,,,,,,,,,,,,,,,,,,,,,,,,,,,,,,,,,,,,,,,,,,,,,,,,,,,,,,,,,,,,,,,,,,,,,,,,,,,,,,,,,,,,,,,,,,,,,,,,,,,,,,,,,,
,,,,,,,,,,,,,,,,,,,,,,,,,,,,,,,,,,,,,,,,,,,,,,,,,,,,,,,,,,,,,,,,,,,,,,,,,,,,,,,,,,,,,,,,,,,,,,,,,,,,,,,,,,,,,,,,,,,,,,,,,,,,,
,,,,,,,,,,,,,,,,,,,,,,,,,,,,,,,,,,,,,,,,,,,,,,,,,,,,,,,,,,,,,,,,,,,,,,,,,,,,,,,,,,,,,,,,,,,,,,,,,,,,,,,,,,,,,,,,,,,,,,,,,,,,,
,,,,,,,,,,,,,,,,,,,,,,,,,,,,,,,,,,,,,,,,,,,,,,,,,,,,,,,,,,,,,,,,,,,,,,,,,,,,,,,,,,,,,,,,,,,,,,,,,,,,,,,,,,,,,,,,,,,,,,,,,,,,,
,,,,,,,,,,,,,,,,,,,,,,,,,,,,,,,,,,,,,,,,,,,,,,,,,,,,,,,,,,,,,,,,,,,,,,,,,,,,,,,,,,,,,,,,,,,,,,,,,,,,,,,,,,,,,,,,,,,,,,,,,,,,,
,,,,,,,,,,,,,,,,,,,,,,,,,,,,,,,,,,,,,,,,,,,,,,,,,,,,,,,,,,,,,,,,,,,,,,,,,,,,,,,,,,,,,,,,,,,,,,,,,,,,,,,,,,,,,,,,,,,,,,,,,,,,,
,,,,,,,,,,,,,,,,,,,,,,,,,,,,,,,,,,,,,,,,,,,,,,,,,,,,,,,,,,,,,,,,,,,,,,,,,,,,,,,,,,,,,,,,,,,,,,,,,,,,,,,,,,,,,,,,,,,,,,,,,,,,,
,,,,,,,,,,,,,,,,,,,,,,,,,,,,,,,,,,,,,,,,,,,,,,,,,,,,,,,,,,,,,,,,,,,,,,,,,,,,,,,,,,,,,,,,,,,,,,,,,,,,,,,,,,,,,,,,,,,,,,,,,,,,,
,,,,,,,,,,,,,,,,,,,,,,,,,,,,,,,,,,,,,,,,,,,,,,,,,,,,,,,,,,,,,,,,,,,,,,,,,,,,,,,,,,,,,,,,,,,,,,,,,,,,,,,,,,,,,,,,,,,,,,,,,,,,,
,,,,,,,,,,,,,,,,,,,,,,,,,,,,,,,,,,,,,,,,,,,,,,,,,,,,,,,,,,,,,,,,,,,,,,,,,,,,,,,,,,,,,,,,,,,,,,,,,,,,,,,,,,,,,,,,,,,,,,,,,,,,,
,,,,,,,,,,,,,,,,,,,,,,,,,,,,,,,,,,,,,,,,,,,,,,,,,,,,,,,,,,,,,,,,,,,,,,,,,,,,,,,,,,,,,,,,,,,,,,,,,,,,,,,,,,,,,,,,,,,,,,,,,,,,,
,,,,,,,,,,,,,,,,,,,,,,,,,,,,,,,,,,,,,,,,,,,,,,,,,,,,,,,,,,,,,,,,,,,,,,,,,,,,,,,,,,,,,,,,,,,,,,,,,,,,,,,,,,,,,,,,,,,,,,,,,,,,,
,,,,,,,,,,,,,,,,,,,,,,,,,,,,,,,,,,,,,,,,,,,,,,,,,,,,,,,,,,,,,,,,,,,,,,,,,,,,,,,,,,,,,,,,,,,,,,,,,,,,,,,,,,,,,,,,,,,,,,,,,,,,,
,,,,,,,,,,,,,,,,,,,,,,,,,,,,,,,,,,,,,,,,,,,,,,,,,,,,,,,,,,,,,,,,,,,,,,,,,,,,,,,,,,,,,,,,,,,,,,,,,,,,,,,,,,,,,,,,,,,,,,,,,,,,,
,,,,,,,,,,,,,,,,,,,,,,,,,,,,,,,,,,,,,,,,,,,,,,,,,,,,,,,,,,,,,,,,,,,,,,,,,,,,,,,,,,,,,,,,,,,,,,,,,,,,,,,,,,,,,,,,,,,,,,,,,,,,,
,,,,,,,,,,,,,,,,,,,,,,,,,,,,,,,,,,,,,,,,,,,,,,,,,,,,,,,,,,,,,,,,,,,,,,,,,,,,,,,,,,,,,,,,,,,,,,,,,,,,,,,,,,,,,,,,,,,,,,,,,,,,,
,,,,,,,,,,,,,,,,,,,,,,,,,,,,,,,,,,,,,,,,,,,,,,,,,,,,,,,,,,,,,,,,,,,,,,,,,,,,,,,,,,,,,,,,,,,,,,,,,,,,,,,,,,,,,,,,,,,,,,,,,,,,,
,,,,,,,,,,,,,,,,,,,,,,,,,,,,,,,,,,,,,,,,,,,,,,,,,,,,,,,,,,,,,,,,,,,,,,,,,,,,,,,,,,,,,,,,,,,,,,,,,,,,,,,,,,,,,,,,,,,,,,,,,,,,,
,,,,,,,,,,,,,,,,,,,,,,,,,,,,,,,,,,,,,,,,,,,,,,,,,,,,,,,,,,,,,,,,,,,,,,,,,,,,,,,,,,,,,,,,,,,,,,,,,,,,,,,,,,,,,,,,,,,,,,,,,,,,,
,,,,,,,,,,,,,,,,,,,,,,,,,,,,,,,,,,,,,,,,,,,,,,,,,,,,,,,,,,,,,,,,,,,,,,,,,,,,,,,,,,,,,,,,,,,,,,,,,,,,,,,,,,,,,,,,,,,,,,,,,,,,,
,,,,,,,,,,,,,,,,,,,,,,,,,,,,,,,,,,,,,,,,,,,,,,,,,,,,,,,,,,,,,,,,,,,,,,,,,,,,,,,,,,,,,,,,,,,,,,,,,,,,,,,,,,,,,,,,,,,,,,,,,,,,,
,,,,,,,,,,,,,,,,,,,,,,,,,,,,,,,,,,,,,,,,,,,,,,,,,,,,,,,,,,,,,,,,,,,,,,,,,,,,,,,,,,,,,,,,,,,,,,,,,,,,,,,,,,,,,,,,,,,,,,,,,,,,,
,,,,,,,,,,,,,,,,,,,,,,,,,,,,,,,,,,,,,,,,,,,,,,,,,,,,,,,,,,,,,,,,,,,,,,,,,,,,,,,,,,,,,,,,,,,,,,,,,,,,,,,,,,,,,,,,,,,,,,,,,,,,,
,,,,,,,,,,,,,,,,,,,,,,,,,,,,,,,,,,,,,,,,,,,,,,,,,,,,,,,,,,,,,,,,,,,,,,,,,,,,,,,,,,,,,,,,,,,,,,,,,,,,,,,,,,,,,,,,,,,,,,,,,,,,,
,,,,,,,,,,,,,,,,,,,,,,,,,,,,,,,,,,,,,,,,,,,,,,,,,,,,,,,,,,,,,,,,,,,,,,,,,,,,,,,,,,,,,,,,,,,,,,,,,,,,,,,,,,,,,,,,,,,,,,,,,,,,,
,,,,,,,,,,,,,,,,,,,,,,,,,,,,,,,,,,,,,,,,,,,,,,,,,,,,,,,,,,,,,,,,,,,,,,,,,,,,,,,,,,,,,,,,,,,,,,,,,,,,,,,,,,,,,,,,,,,,,,,,,,,,,
,,,,,,,,,,,,,,,,,,,,,,,,,,,,,,,,,,,,,,,,,,,,,,,,,,,,,,,,,,,,,,,,,,,,,,,,,,,,,,,,,,,,,,,,,,,,,,,,,,,,,,,,,,,,,,,,,,,,,,,,,,,,,
,,,,,,,,,,,,,,,,,,,,,,,,,,,,,,,,,,,,,,,,,,,,,,,,,,,,,,,,,,,,,,,,,,,,,,,,,,,,,,,,,,,,,,,,,,,,,,,,,,,,,,,,,,,,,,,,,,,,,,,,,,,,,
,,,,,,,,,,,,,,,,,,,,,,,,,,,,,,,,,,,,,,,,,,,,,,,,,,,,,,,,,,,,,,,,,,,,,,,,,,,,,,,,,,,,,,,,,,,,,,,,,,,,,,,,,,,,,,,,,,,,,,,,,,,,,
,,,,,,,,,,,,,,,,,,,,,,,,,,,,,,,,,,,,,,,,,,,,,,,,,,,,,,,,,,,,,,,,,,,,,,,,,,,,,,,,,,,,,,,,,,,,,,,,,,,,,,,,,,,,,,,,,,,,,,,,,,,,,
,,,,,,,,,,,,,,,,,,,,,,,,,,,,,,,,,,,,,,,,,,,,,,,,,,,,,,,,,,,,,,,,,,,,,,,,,,,,,,,,,,,,,,,,,,,,,,,,,,,,,,,,,,,,,,,,,,,,,,,,,,,,,
,,,,,,,,,,,,,,,,,,,,,,,,,,,,,,,,,,,,,,,,,,,,,,,,,,,,,,,,,,,,,,,,,,,,,,,,,,,,,,,,,,,,,,,,,,,,,,,,,,,,,,,,,,,,,,,,,,,,,,,,,,,,,
,,,,,,,,,,,,,,,,,,,,,,,,,,,,,,,,,,,,,,,,,,,,,,,,,,,,,,,,,,,,,,,,,,,,,,,,,,,,,,,,,,,,,,,,,,,,,,,,,,,,,,,,,,,,,,,,,,,,,,,,,,,,,
,,,,,,,,,,,,,,,,,,,,,,,,,,,,,,,,,,,,,,,,,,,,,,,,,,,,,,,,,,,,,,,,,,,,,,,,,,,,,,,,,,,,,,,,,,,,,,,,,,,,,,,,,,,,,,,,,,,,,,,,,,,,,
,,,,,,,,,,,,,,,,,,,,,,,,,,,,,,,,,,,,,,,,,,,,,,,,,,,,,,,,,,,,,,,,,,,,,,,,,,,,,,,,,,,,,,,,,,,,,,,,,,,,,,,,,,,,,,,,,,,,,,,,,,,,,
,,,,,,,,,,,,,,,,,,,,,,,,,,,,,,,,,,,,,,,,,,,,,,,,,,,,,,,,,,,,,,,,,,,,,,,,,,,,,,,,,,,,,,,,,,,,,,,,,,,,,,,,,,,,,,,,,,,,,,,,,,,,,
,,,,,,,,,,,,,,,,,,,,,,,,,,,,,,,,,,,,,,,,,,,,,,,,,,,,,,,,,,,,,,,,,,,,,,,,,,,,,,,,,,,,,,,,,,,,,,,,,,,,,,,,,,,,,,,,,,,,,,,,,,,,,
,,,,,,,,,,,,,,,,,,,,,,,,,,,,,,,,,,,,,,,,,,,,,,,,,,,,,,,,,,,,,,,,,,,,,,,,,,,,,,,,,,,,,,,,,,,,,,,,,,,,,,,,,,,,,,,,,,,,,,,,,,,,,
,,,,,,,,,,,,,,,,,,,,,,,,,,,,,,,,,,,,,,,,,,,,,,,,,,,,,,,,,,,,,,,,,,,,,,,,,,,,,,,,,,,,,,,,,,,,,,,,,,,,,,,,,,,,,,,,,,,,,,,,,,,,,
,,,,,,,,,,,,,,,,,,,,,,,,,,,,,,,,,,,,,,,,,,,,,,,,,,,,,,,,,,,,,,,,,,,,,,,,,,,,,,,,,,,,,,,,,,,,,,,,,,,,,,,,,,,,,,,,,,,,,,,,,,,,,
,,,,,,,,,,,,,,,,,,,,,,,,,,,,,,,,,,,,,,,,,,,,,,,,,,,,,,,,,,,,,,,,,,,,,,,,,,,,,,,,,,,,,,,,,,,,,,,,,,,,,,,,,,,,,,,,,,,,,,,,,,,,,
,,,,,,,,,,,,,,,,,,,,,,,,,,,,,,,,,,,,,,,,,,,,,,,,,,,,,,,,,,,,,,,,,,,,,,,,,,,,,,,,,,,,,,,,,,,,,,,,,,,,,,,,,,,,,,,,,,,,,,,,,,,,,
,,,,,,,,,,,,,,,,,,,,,,,,,,,,,,,,,,,,,,,,,,,,,,,,,,,,,,,,,,,,,,,,,,,,,,,,,,,,,,,,,,,,,,,,,,,,,,,,,,,,,,,,,,,,,,,,,,,,,,,,,,,,,
,,,,,,,,,,,,,,,,,,,,,,,,,,,,,,,,,,,,,,,,,,,,,,,,,,,,,,,,,,,,,,,,,,,,,,,,,,,,,,,,,,,,,,,,,,,,,,,,,,,,,,,,,,,,,,,,,,,,,,,,,,,,,
,,,,,,,,,,,,,,,,,,,,,,,,,,,,,,,,,,,,,,,,,,,,,,,,,,,,,,,,,,,,,,,,,,,,,,,,,,,,,,,,,,,,,,,,,,,,,,,,,,,,,,,,,,,,,,,,,,,,,,,,,,,,,
,,,,,,,,,,,,,,,,,,,,,,,,,,,,,,,,,,,,,,,,,,,,,,,,,,,,,,,,,,,,,,,,,,,,,,,,,,,,,,,,,,,,,,,,,,,,,,,,,,,,,,,,,,,,,,,,,,,,,,,,,,,,,
,,,,,,,,,,,,,,,,,,,,,,,,,,,,,,,,,,,,,,,,,,,,,,,,,,,,,,,,,,,,,,,,,,,,,,,,,,,,,,,,,,,,,,,,,,,,,,,,,,,,,,,,,,,,,,,,,,,,,,,,,,,,,
,,,,,,,,,,,,,,,,,,,,,,,,,,,,,,,,,,,,,,,,,,,,,,,,,,,,,,,,,,,,,,,,,,,,,,,,,,,,,,,,,,,,,,,,,,,,,,,,,,,,,,,,,,,,,,,,,,,,,,,,,,,,,
,,,,,,,,,,,,,,,,,,,,,,,,,,,,,,,,,,,,,,,,,,,,,,,,,,,,,,,,,,,,,,,,,,,,,,,,,,,,,,,,,,,,,,,,,,,,,,,,,,,,,,,,,,,,,,,,,,,,,,,,,,,,,
,,,,,,,,,,,,,,,,,,,,,,,,,,,,,,,,,,,,,,,,,,,,,,,,,,,,,,,,,,,,,,,,,,,,,,,,,,,,,,,,,,,,,,,,,,,,,,,,,,,,,,,,,,,,,,,,,,,,,,,,,,,,,
,,,,,,,,,,,,,,,,,,,,,,,,,,,,,,,,,,,,,,,,,,,,,,,,,,,,,,,,,,,,,,,,,,,,,,,,,,,,,,,,,,,,,,,,,,,,,,,,,,,,,,,,,,,,,,,,,,,,,,,,,,,,,
,,,,,,,,,,,,,,,,,,,,,,,,,,,,,,,,,,,,,,,,,,,,,,,,,,,,,,,,,,,,,,,,,,,,,,,,,,,,,,,,,,,,,,,,,,,,,,,,,,,,,,,,,,,,,,,,,,,,,,,,,,,,,
,,,,,,,,,,,,,,,,,,,,,,,,,,,,,,,,,,,,,,,,,,,,,,,,,,,,,,,,,,,,,,,,,,,,,,,,,,,,,,,,,,,,,,,,,,,,,,,,,,,,,,,,,,,,,,,,,,,,,,,,,,,,,
,,,,,,,,,,,,,,,,,,,,,,,,,,,,,,,,,,,,,,,,,,,,,,,,,,,,,,,,,,,,,,,,,,,,,,,,,,,,,,,,,,,,,,,,,,,,,,,,,,,,,,,,,,,,,,,,,,,,,,,,,,,,,
,,,,,,,,,,,,,,,,,,,,,,,,,,,,,,,,,,,,,,,,,,,,,,,,,,,,,,,,,,,,,,,,,,,,,,,,,,,,,,,,,,,,,,,,,,,,,,,,,,,,,,,,,,,,,,,,,,,,,,,,,,,,,
,,,,,,,,,,,,,,,,,,,,,,,,,,,,,,,,,,,,,,,,,,,,,,,,,,,,,,,,,,,,,,,,,,,,,,,,,,,,,,,,,,,,,,,,,,,,,,,,,,,,,,,,,,,,,,,,,,,,,,,,,,,,,
,,,,,,,,,,,,,,,,,,,,,,,,,,,,,,,,,,,,,,,,,,,,,,,,,,,,,,,,,,,,,,,,,,,,,,,,,,,,,,,,,,,,,,,,,,,,,,,,,,,,,,,,,,,,,,,,,,,,,,,,,,,,,
,,,,,,,,,,,,,,,,,,,,,,,,,,,,,,,,,,,,,,,,,,,,,,,,,,,,,,,,,,,,,,,,,,,,,,,,,,,,,,,,,,,,,,,,,,,,,,,,,,,,,,,,,,,,,,,,,,,,,,,,,,,,,
,,,,,,,,,,,,,,,,,,,,,,,,,,,,,,,,,,,,,,,,,,,,,,,,,,,,,,,,,,,,,,,,,,,,,,,,,,,,,,,,,,,,,,,,,,,,,,,,,,,,,,,,,,,,,,,,,,,,,,,,,,,,,
,,,,,,,,,,,,,,,,,,,,,,,,,,,,,,,,,,,,,,,,,,,,,,,,,,,,,,,,,,,,,,,,,,,,,,,,,,,,,,,,,,,,,,,,,,,,,,,,,,,,,,,,,,,,,,,,,,,,,,,,,,,,,
,,,,,,,,,,,,,,,,,,,,,,,,,,,,,,,,,,,,,,,,,,,,,,,,,,,,,,,,,,,,,,,,,,,,,,,,,,,,,,,,,,,,,,,,,,,,,,,,,,,,,,,,,,,,,,,,,,,,,,,,,,,,,
,,,,,,,,,,,,,,,,,,,,,,,,,,,,,,,,,,,,,,,,,,,,,,,,,,,,,,,,,,,,,,,,,,,,,,,,,,,,,,,,,,,,,,,,,,,,,,,,,,,,,,,,,,,,,,,,,,,,,,,,,,,,,
,,,,,,,,,,,,,,,,,,,,,,,,,,,,,,,,,,,,,,,,,,,,,,,,,,,,,,,,,,,,,,,,,,,,,,,,,,,,,,,,,,,,,,,,,,,,,,,,,,,,,,,,,,,,,,,,,,,,,,,,,,,,,
,,,,,,,,,,,,,,,,,,,,,,,,,,,,,,,,,,,,,,,,,,,,,,,,,,,,,,,,,,,,,,,,,,,,,,,,,,,,,,,,,,,,,,,,,,,,,,,,,,,,,,,,,,,,,,,,,,,,,,,,,,,,,
,,,,,,,,,,,,,,,,,,,,,,,,,,,,,,,,,,,,,,,,,,,,,,,,,,,,,,,,,,,,,,,,,,,,,,,,,,,,,,,,,,,,,,,,,,,,,,,,,,,,,,,,,,,,,,,,,,,,,,,,,,,,,
,,,,,,,,,,,,,,,,,,,,,,,,,,,,,,,,,,,,,,,,,,,,,,,,,,,,,,,,,,,,,,,,,,,,,,,,,,,,,,,,,,,,,,,,,,,,,,,,,,,,,,,,,,,,,,,,,,,,,,,,,,,,,
,,,,,,,,,,,,,,,,,,,,,,,,,,,,,,,,,,,,,,,,,,,,,,,,,,,,,,,,,,,,,,,,,,,,,,,,,,,,,,,,,,,,,,,,,,,,,,,,,,,,,,,,,,,,,,,,,,,,,,,,,,,,,
,,,,,,,,,,,,,,,,,,,,,,,,,,,,,,,,,,,,,,,,,,,,,,,,,,,,,,,,,,,,,,,,,,,,,,,,,,,,,,,,,,,,,,,,,,,,,,,,,,,,,,,,,,,,,,,,,,,,,,,,,,,,,
,,,,,,,,,,,,,,,,,,,,,,,,,,,,,,,,,,,,,,,,,,,,,,,,,,,,,,,,,,,,,,,,,,,,,,,,,,,,,,,,,,,,,,,,,,,,,,,,,,,,,,,,,,,,,,,,,,,,,,,,,,,,,
,,,,,,,,,,,,,,,,,,,,,,,,,,,,,,,,,,,,,,,,,,,,,,,,,,,,,,,,,,,,,,,,,,,,,,,,,,,,,,,,,,,,,,,,,,,,,,,,,,,,,,,,,,,,,,,,,,,,,,,,,,,,,
,,,,,,,,,,,,,,,,,,,,,,,,,,,,,,,,,,,,,,,,,,,,,,,,,,,,,,,,,,,,,,,,,,,,,,,,,,,,,,,,,,,,,,,,,,,,,,,,,,,,,,,,,,,,,,,,,,,,,,,,,,,,,
,,,,,,,,,,,,,,,,,,,,,,,,,,,,,,,,,,,,,,,,,,,,,,,,,,,,,,,,,,,,,,,,,,,,,,,,,,,,,,,,,,,,,,,,,,,,,,,,,,,,,,,,,,,,,,,,,,,,,,,,,,,,,
,,,,,,,,,,,,,,,,,,,,,,,,,,,,,,,,,,,,,,,,,,,,,,,,,,,,,,,,,,,,,,,,,,,,,,,,,,,,,,,,,,,,,,,,,,,,,,,,,,,,,,,,,,,,,,,,,,,,,,,,,,,,,
,,,,,,,,,,,,,,,,,,,,,,,,,,,,,,,,,,,,,,,,,,,,,,,,,,,,,,,,,,,,,,,,,,,,,,,,,,,,,,,,,,,,,,,,,,,,,,,,,,,,,,,,,,,,,,,,,,,,,,,,,,,,,
,,,,,,,,,,,,,,,,,,,,,,,,,,,,,,,,,,,,,,,,,,,,,,,,,,,,,,,,,,,,,,,,,,,,,,,,,,,,,,,,,,,,,,,,,,,,,,,,,,,,,,,,,,,,,,,,,,,,,,,,,,,,,
,,,,,,,,,,,,,,,,,,,,,,,,,,,,,,,,,,,,,,,,,,,,,,,,,,,,,,,,,,,,,,,,,,,,,,,,,,,,,,,,,,,,,,,,,,,,,,,,,,,,,,,,,,,,,,,,,,,,,,,,,,,,,
,,,,,,,,,,,,,,,,,,,,,,,,,,,,,,,,,,,,,,,,,,,,,,,,,,,,,,,,,,,,,,,,,,,,,,,,,,,,,,,,,,,,,,,,,,,,,,,,,,,,,,,,,,,,,,,,,,,,,,,,,,,,,
,,,,,,,,,,,,,,,,,,,,,,,,,,,,,,,,,,,,,,,,,,,,,,,,,,,,,,,,,,,,,,,,,,,,,,,,,,,,,,,,,,,,,,,,,,,,,,,,,,,,,,,,,,,,,,,,,,,,,,,,,,,,,
,,,,,,,,,,,,,,,,,,,,,,,,,,,,,,,,,,,,,,,,,,,,,,,,,,,,,,,,,,,,,,,,,,,,,,,,,,,,,,,,,,,,,,,,,,,,,,,,,,,,,,,,,,,,,,,,,,,,,,,,,,,,,
,,,,,,,,,,,,,,,,,,,,,,,,,,,,,,,,,,,,,,,,,,,,,,,,,,,,,,,,,,,,,,,,,,,,,,,,,,,,,,,,,,,,,,,,,,,,,,,,,,,,,,,,,,,,,,,,,,,,,,,,,,,,,
,,,,,,,,,,,,,,,,,,,,,,,,,,,,,,,,,,,,,,,,,,,,,,,,,,,,,,,,,,,,,,,,,,,,,,,,,,,,,,,,,,,,,,,,,,,,,,,,,,,,,,,,,,,,,,,,,,,,,,,,,,,,,
,,,,,,,,,,,,,,,,,,,,,,,,,,,,,,,,,,,,,,,,,,,,,,,,,,,,,,,,,,,,,,,,,,,,,,,,,,,,,,,,,,,,,,,,,,,,,,,,,,,,,,,,,,,,,,,,,,,,,,,,,,,,,
,,,,,,,,,,,,,,,,,,,,,,,,,,,,,,,,,,,,,,,,,,,,,,,,,,,,,,,,,,,,,,,,,,,,,,,,,,,,,,,,,,,,,,,,,,,,,,,,,,,,,,,,,,,,,,,,,,,,,,,,,,,,,
,,,,,,,,,,,,,,,,,,,,,,,,,,,,,,,,,,,,,,,,,,,,,,,,,,,,,,,,,,,,,,,,,,,,,,,,,,,,,,,,,,,,,,,,,,,,,,,,,,,,,,,,,,,,,,,,,,,,,,,,,,,,,
,,,,,,,,,,,,,,,,,,,,,,,,,,,,,,,,,,,,,,,,,,,,,,,,,,,,,,,,,,,,,,,,,,,,,,,,,,,,,,,,,,,,,,,,,,,,,,,,,,,,,,,,,,,,,,,,,,,,,,,,,,,,,
,,,,,,,,,,,,,,,,,,,,,,,,,,,,,,,,,,,,,,,,,,,,,,,,,,,,,,,,,,,,,,,,,,,,,,,,,,,,,,,,,,,,,,,,,,,,,,,,,,,,,,,,,,,,,,,,,,,,,,,,,,,,,
,,,,,,,,,,,,,,,,,,,,,,,,,,,,,,,,,,,,,,,,,,,,,,,,,,,,,,,,,,,,,,,,,,,,,,,,,,,,,,,,,,,,,,,,,,,,,,,,,,,,,,,,,,,,,,,,,,,,,,,,,,,,,
,,,,,,,,,,,,,,,,,,,,,,,,,,,,,,,,,,,,,,,,,,,,,,,,,,,,,,,,,,,,,,,,,,,,,,,,,,,,,,,,,,,,,,,,,,,,,,,,,,,,,,,,,,,,,,,,,,,,,,,,,,,,,
,,,,,,,,,,,,,,,,,,,,,,,,,,,,,,,,,,,,,,,,,,,,,,,,,,,,,,,,,,,,,,,,,,,,,,,,,,,,,,,,,,,,,,,,,,,,,,,,,,,,,,,,,,,,,,,,,,,,,,,,,,,,,
,,,,,,,,,,,,,,,,,,,,,,,,,,,,,,,,,,,,,,,,,,,,,,,,,,,,,,,,,,,,,,,,,,,,,,,,,,,,,,,,,,,,,,,,,,,,,,,,,,,,,,,,,,,,,,,,,,,,,,,,,,,,,
,,,,,,,,,,,,,,,,,,,,,,,,,,,,,,,,,,,,,,,,,,,,,,,,,,,,,,,,,,,,,,,,,,,,,,,,,,,,,,,,,,,,,,,,,,,,,,,,,,,,,,,,,,,,,,,,,,,,,,,,,,,,,
,,,,,,,,,,,,,,,,,,,,,,,,,,,,,,,,,,,,,,,,,,,,,,,,,,,,,,,,,,,,,,,,,,,,,,,,,,,,,,,,,,,,,,,,,,,,,,,,,,,,,,,,,,,,,,,,,,,,,,,,,,,,,
,,,,,,,,,,,,,,,,,,,,,,,,,,,,,,,,,,,,,,,,,,,,,,,,,,,,,,,,,,,,,,,,,,,,,,,,,,,,,,,,,,,,,,,,,,,,,,,,,,,,,,,,,,,,,,,,,,,,,,,,,,,,,
,,,,,,,,,,,,,,,,,,,,,,,,,,,,,,,,,,,,,,,,,,,,,,,,,,,,,,,,,,,,,,,,,,,,,,,,,,,,,,,,,,,,,,,,,,,,,,,,,,,,,,,,,,,,,,,,,,,,,,,,,,,,,
,,,,,,,,,,,,,,,,,,,,,,,,,,,,,,,,,,,,,,,,,,,,,,,,,,,,,,,,,,,,,,,,,,,,,,,,,,,,,,,,,,,,,,,,,,,,,,,,,,,,,,,,,,,,,,,,,,,,,,,,,,,,,
,,,,,,,,,,,,,,,,,,,,,,,,,,,,,,,,,,,,,,,,,,,,,,,,,,,,,,,,,,,,,,,,,,,,,,,,,,,,,,,,,,,,,,,,,,,,,,,,,,,,,,,,,,,,,,,,,,,,,,,,,,,,,
,,,,,,,,,,,,,,,,,,,,,,,,,,,,,,,,,,,,,,,,,,,,,,,,,,,,,,,,,,,,,,,,,,,,,,,,,,,,,,,,,,,,,,,,,,,,,,,,,,,,,,,,,,,,,,,,,,,,,,,,,,,,,
,,,,,,,,,,,,,,,,,,,,,,,,,,,,,,,,,,,,,,,,,,,,,,,,,,,,,,,,,,,,,,,,,,,,,,,,,,,,,,,,,,,,,,,,,,,,,,,,,,,,,,,,,,,,,,,,,,,,,,,,,,,,,
,,,,,,,,,,,,,,,,,,,,,,,,,,,,,,,,,,,,,,,,,,,,,,,,,,,,,,,,,,,,,,,,,,,,,,,,,,,,,,,,,,,,,,,,,,,,,,,,,,,,,,,,,,,,,,,,,,,,,,,,,,,,,
,,,,,,,,,,,,,,,,,,,,,,,,,,,,,,,,,,,,,,,,,,,,,,,,,,,,,,,,,,,,,,,,,,,,,,,,,,,,,,,,,,,,,,,,,,,,,,,,,,,,,,,,,,,,,,,,,,,,,,,,,,,,,
,,,,,,,,,,,,,,,,,,,,,,,,,,,,,,,,,,,,,,,,,,,,,,,,,,,,,,,,,,,,,,,,,,,,,,,,,,,,,,,,,,,,,,,,,,,,,,,,,,,,,,,,,,,,,,,,,,,,,,,,,,,,,
,,,,,,,,,,,,,,,,,,,,,,,,,,,,,,,,,,,,,,,,,,,,,,,,,,,,,,,,,,,,,,,,,,,,,,,,,,,,,,,,,,,,,,,,,,,,,,,,,,,,,,,,,,,,,,,,,,,,,,,,,,,,,
,,,,,,,,,,,,,,,,,,,,,,,,,,,,,,,,,,,,,,,,,,,,,,,,,,,,,,,,,,,,,,,,,,,,,,,,,,,,,,,,,,,,,,,,,,,,,,,,,,,,,,,,,,,,,,,,,,,,,,,,,,,,,
,,,,,,,,,,,,,,,,,,,,,,,,,,,,,,,,,,,,,,,,,,,,,,,,,,,,,,,,,,,,,,,,,,,,,,,,,,,,,,,,,,,,,,,,,,,,,,,,,,,,,,,,,,,,,,,,,,,,,,,,,,,,,
,,,,,,,,,,,,,,,,,,,,,,,,,,,,,,,,,,,,,,,,,,,,,,,,,,,,,,,,,,,,,,,,,,,,,,,,,,,,,,,,,,,,,,,,,,,,,,,,,,,,,,,,,,,,,,,,,,,,,,,,,,,,,
,,,,,,,,,,,,,,,,,,,,,,,,,,,,,,,,,,,,,,,,,,,,,,,,,,,,,,,,,,,,,,,,,,,,,,,,,,,,,,,,,,,,,,,,,,,,,,,,,,,,,,,,,,,,,,,,,,,,,,,,,,,,,
,,,,,,,,,,,,,,,,,,,,,,,,,,,,,,,,,,,,,,,,,,,,,,,,,,,,,,,,,,,,,,,,,,,,,,,,,,,,,,,,,,,,,,,,,,,,,,,,,,,,,,,,,,,,,,,,,,,,,,,,,,,,,